,StockName,StartTime,Period,StockAtStart,StockAtEnd,LableTime,LableValue
1,ATVI,2008-01-01,365 days 00:00:00.000000000,11.7,10.55,2009-03-31,-0.1033707865168538
2,ATVI,2008-12-31,365 days 00:00:00.000000000,7.82,10.02,2010-03-31,0.24663677130044837
3,ATVI,2009-12-31,365 days 00:00:00.000000000,9.13,10.73,2011-03-31,0.16112789526686805
4,ATVI,2010-12-31,365 days 00:00:00.000000000,10.32,11.53,2012-03-30,0.11075514874141867
5,ATVI,2011-12-31,365 days 00:00:00.000000000,11.41,10.79,2013-03-30,-0.055855855855855945
6,ATVI,2012-12-30,365 days 00:00:00.000000000,10.74,16.42,2014-03-30,0.4182621502209132
7,ATVI,2013-12-30,365 days 00:00:00.000000000,16.55,20.85,2015-03-30,0.22994652406417113
8,ATVI,2014-12-30,365 days 00:00:00.000000000,20.13,36.64,2016-03-29,0.5816452351594152
9,ATVI,2015-12-30,365 days 00:00:00.000000000,33.67,35.91,2017-03-29,0.06438631790744452
10,ATVI,2016-12-29,365 days 00:00:00.000000000,39.55,61.59,2018-03-29,0.43583152066442565
11,ADBE,2008-01-01,365 days 00:00:00.000000000,34.67,21.29,2009-03-31,-0.47819871336669056
12,ADBE,2008-12-31,365 days 00:00:00.000000000,19.41,36.78,2010-03-31,0.618259476775227
13,ADBE,2009-12-31,365 days 00:00:00.000000000,32.39,30.78,2011-03-31,-0.05097356340034825
14,ADBE,2010-12-31,365 days 00:00:00.000000000,33.25,28.27,2012-03-30,-0.1618985695708713
15,ADBE,2011-12-31,365 days 00:00:00.000000000,31.2,37.68,2013-03-30,0.18815331010452965
16,ADBE,2012-12-30,365 days 00:00:00.000000000,38.2,59.88,2014-03-30,0.4420880913539967
17,ADBE,2013-12-30,365 days 00:00:00.000000000,59.08,72.7,2015-03-30,0.20670814994688122
18,ADBE,2014-12-30,365 days 00:00:00.000000000,70.44,93.94,2016-03-29,0.2859228616620027
19,ADBE,2015-12-30,365 days 00:00:00.000000000,88.16,102.95,2017-03-29,0.1547799696509864
20,ADBE,2016-12-29,365 days 00:00:00.000000000,113.31,175.24,2018-03-29,0.4292496967596604
21,AMD,2008-01-01,365 days 00:00:00.000000000,7.78,2.16,2009-03-31,-1.1307847082494968
22,AMD,2008-12-31,365 days 00:00:00.000000000,2.15,9.68,2010-03-31,1.2730346576500422
23,AMD,2009-12-31,365 days 00:00:00.000000000,7.61,8.18,2011-03-31,0.07219759341355281
24,AMD,2010-12-31,365 days 00:00:00.000000000,8.1,5.4,2012-03-30,-0.3999999999999999
25,AMD,2011-12-31,365 days 00:00:00.000000000,6.83,2.4,2013-03-30,-0.9599133261105091
26,AMD,2012-12-30,365 days 00:00:00.000000000,2.63,3.87,2014-03-30,0.3815384615384616
27,AMD,2013-12-30,365 days 00:00:00.000000000,3.43,2.67,2015-03-30,-0.24918032786885255
28,AMD,2014-12-30,365 days 00:00:00.000000000,2.69,2.87,2016-03-29,0.06474820143884898
29,AMD,2015-12-30,365 days 00:00:00.000000000,2.17,11.34,2017-03-29,1.3575129533678756
30,AMD,2016-12-29,365 days 00:00:00.000000000,10.9,10.28,2018-03-29,-0.05854579792256855
31,ALXN,2008-01-01,365 days 00:00:00.000000000,16.39,16.83,2009-03-31,0.026490066225165428
32,ALXN,2008-12-31,365 days 00:00:00.000000000,18.24,24.41,2010-03-31,0.28933177022274337
33,ALXN,2009-12-31,365 days 00:00:00.000000000,23.15,40.28,2011-03-31,0.5401229702033739
34,ALXN,2010-12-31,365 days 00:00:00.000000000,42.18,68.66,2012-03-30,0.47780584626488626
35,ALXN,2011-12-31,365 days 00:00:00.000000000,76.95,93.74,2013-03-30,0.19673091569511972
36,ALXN,2012-12-30,365 days 00:00:00.000000000,94.75,132.88,2014-03-30,0.3350173527215217
37,ALXN,2013-12-30,365 days 00:00:00.000000000,158.39,185.03,2015-03-30,0.15514530312736602
38,ALXN,2014-12-30,365 days 00:00:00.000000000,184.01,190.75,2016-03-29,0.03596968726651729
39,ALXN,2015-12-30,365 days 00:00:00.000000000,144.18,122.35,2017-03-29,-0.1638089520879452
40,ALXN,2016-12-29,365 days 00:00:00.000000000,128.5,119.59,2018-03-29,-0.0718287718166794
41,ALGN,2008-01-01,365 days 00:00:00.000000000,11.59,8.75,2009-03-31,-0.27925270403146507
42,ALGN,2008-12-31,365 days 00:00:00.000000000,7.71,17.82,2010-03-31,0.7920094007050528
43,ALGN,2009-12-31,365 days 00:00:00.000000000,18.73,19.54,2011-03-31,0.0423308074209563
44,ALGN,2010-12-31,365 days 00:00:00.000000000,20.51,23.73,2012-03-30,0.1455696202531645
45,ALGN,2011-12-31,365 days 00:00:00.000000000,23.58,27.75,2013-03-30,0.16247808299240218
46,ALGN,2012-12-30,365 days 00:00:00.000000000,31.44,57.14,2014-03-30,0.5802664258297584
47,ALGN,2013-12-30,365 days 00:00:00.000000000,59.08,55.91,2015-03-30,-0.05513522915036093
48,ALGN,2014-12-30,365 days 00:00:00.000000000,53.0,65.85,2016-03-29,0.21623895666806892
49,ALGN,2015-12-30,365 days 00:00:00.000000000,66.11,96.13,2017-03-29,0.3700690335305719
50,ALGN,2016-12-29,365 days 00:00:00.000000000,97.0,222.19,2018-03-29,0.7844230708982111
51,GOOGL,2008-01-01,365 days 00:00:00.000000000,264.6,153.98,2009-03-31,-0.5285489034354246
52,GOOGL,2008-12-31,365 days 00:00:00.000000000,167.31,310.3,2010-03-31,0.5987730575155462
53,GOOGL,2009-12-31,365 days 00:00:00.000000000,267.57,297.28,2011-03-31,0.10519606975303172
54,GOOGL,2010-12-31,365 days 00:00:00.000000000,302.55,323.27,2012-03-30,0.06621712313444751
55,GOOGL,2011-12-31,365 days 00:00:00.000000000,292.76,354.04,2013-03-30,0.18948670377241816
56,GOOGL,2012-12-30,365 days 00:00:00.000000000,379.48,560.92,2014-03-30,0.3858783496384516
57,GOOGL,2013-12-30,365 days 00:00:00.000000000,590.19,549.08,2015-03-30,-0.07216902051313563
58,GOOGL,2014-12-30,365 days 00:00:00.000000000,534.32,778.01,2016-03-29,0.3713852460890172
59,GOOGL,2015-12-30,365 days 00:00:00.000000000,771.26,809.45,2017-03-29,0.04832005870779593
60,GOOGL,2016-12-29,365 days 00:00:00.000000000,824.0,1053.4,2018-03-29,0.24438052625972098
61,GOOG,2008-01-01,365 days 00:00:00.000000000,263.35,153.25,2009-03-31,-0.528564570331253
62,GOOG,2008-12-31,365 days 00:00:00.000000000,166.52,308.83,2010-03-31,0.5987588092984115
63,GOOG,2009-12-31,365 days 00:00:00.000000000,266.3,295.88,2011-03-31,0.105233199331175
64,GOOG,2010-12-31,365 days 00:00:00.000000000,301.12,321.74,2012-03-30,0.06621070545547958
65,GOOG,2011-12-31,365 days 00:00:00.000000000,291.38,352.37,2013-03-30,0.1894834951456311
66,GOOG,2012-12-30,365 days 00:00:00.000000000,377.68,558.26,2014-03-30,0.38587943671602876
67,GOOG,2013-12-30,365 days 00:00:00.000000000,587.4,540.35,2015-03-30,-0.08344047882952774
68,GOOG,2014-12-30,365 days 00:00:00.000000000,530.27,742.6,2016-03-29,0.3336240150211727
69,GOOG,2015-12-30,365 days 00:00:00.000000000,750.46,771.82,2017-03-29,0.02806316840528682
70,GOOG,2016-12-29,365 days 00:00:00.000000000,799.68,1046.4,2018-03-29,0.2672906916276653
71,AMZN,2008-01-01,365 days 00:00:00.000000000,79.02,51.28,2009-03-31,-0.4257866462010743
72,AMZN,2008-12-31,365 days 00:00:00.000000000,58.57,134.52,2010-03-31,0.7866797866279974
73,AMZN,2009-12-31,365 days 00:00:00.000000000,123.18,180.0,2011-03-31,0.3748268355432416
74,AMZN,2010-12-31,365 days 00:00:00.000000000,170.52,173.1,2012-03-30,0.015016588091496327
75,AMZN,2011-12-31,365 days 00:00:00.000000000,173.81,250.87,2013-03-30,0.3629085429028916
76,AMZN,2012-12-30,365 days 00:00:00.000000000,268.93,398.79,2014-03-30,0.388965434613311
77,AMZN,2013-12-30,365 days 00:00:00.000000000,358.98,310.35,2015-03-30,-0.14530948859307066
78,AMZN,2014-12-30,365 days 00:00:00.000000000,350.05,675.89,2016-03-29,0.6352028383726143
79,AMZN,2015-12-30,365 days 00:00:00.000000000,578.15,768.66,2017-03-29,0.28290553233195476
80,AMZN,2016-12-29,365 days 00:00:00.000000000,829.21,1169.47,2018-03-29,0.34048471991514395
81,AAL,2008-01-01,365 days 00:00:00.000000000,13.18,7.29,2009-03-31,-0.575476306790425
82,AAL,2008-12-31,365 days 00:00:00.000000000,5.3,4.56,2010-03-31,-0.1501014198782962
83,AAL,2009-12-31,365 days 00:00:00.000000000,5.12,9.44,2011-03-31,0.5934065934065934
84,AAL,2010-12-31,365 days 00:00:00.000000000,9.4,4.78,2012-03-30,-0.6516220028208745
85,AAL,2011-12-31,365 days 00:00:00.000000000,7.99,12.73,2013-03-30,0.45752895752895756
86,AAL,2012-12-30,365 days 00:00:00.000000000,13.6,23.8,2014-03-30,0.5454545454545455
87,AAL,2013-12-30,365 days 00:00:00.000000000,32.01,,2015-03-30,
88,AAL,2014-12-30,365 days 00:00:00.000000000,46.03,37.03,2016-03-29,-0.21671081146159402
89,AAL,2015-12-30,365 days 00:00:00.000000000,37.27,35.29,2017-03-29,-0.054575523704520505
90,AAL,2016-12-29,365 days 00:00:00.000000000,43.24,46.19,2018-03-29,0.06597338700659724
91,AMGN,2008-01-01,365 days 00:00:00.000000000,37.67,46.98,2009-03-31,0.21996455995274647
92,AMGN,2008-12-31,365 days 00:00:00.000000000,44.28,46.02,2010-03-31,0.038538205980066485
93,AMGN,2009-12-31,365 days 00:00:00.000000000,47.6,44.66,2011-03-31,-0.06373292867981802
94,AMGN,2010-12-31,365 days 00:00:00.000000000,44.93,47.36,2012-03-30,0.05266009318452703
95,AMGN,2011-12-31,365 days 00:00:00.000000000,56.27,70.32,2013-03-30,0.22197645943597424
96,AMGN,2012-12-30,365 days 00:00:00.000000000,72.19,95.1,2014-03-30,0.27389563034251896
97,AMGN,2013-12-30,365 days 00:00:00.000000000,102.12,121.7,2015-03-30,0.17496202305424
98,AMGN,2014-12-30,365 days 00:00:00.000000000,133.43,122.11,2016-03-29,-0.0885966971902638
99,AMGN,2015-12-30,365 days 00:00:00.000000000,134.25,150.89,2017-03-29,0.11671459633864058
100,AMGN,2016-12-29,365 days 00:00:00.000000000,144.42,173.36,2018-03-29,0.18213858644345163
101,ADI,2008-01-01,365 days 00:00:00.000000000,20.02,19.28,2009-03-31,-0.03765903307888033
102,ADI,2008-12-31,365 days 00:00:00.000000000,14.8,20.99,2010-03-31,0.3459066778429728
103,ADI,2009-12-31,365 days 00:00:00.000000000,20.72,24.57,2011-03-31,0.17001545595054102
104,ADI,2010-12-31,365 days 00:00:00.000000000,30.8,25.11,2012-03-30,-0.20354140583079955
105,ADI,2011-12-31,365 days 00:00:00.000000000,31.94,32.47,2013-03-30,0.016457071883247867
106,ADI,2012-12-30,365 days 00:00:00.000000000,36.79,40.18,2014-03-30,0.0880862673769001
107,ADI,2013-12-30,365 days 00:00:00.000000000,41.47,,2015-03-30,
108,ADI,2014-12-30,365 days 00:00:00.000000000,46.09,50.95,2016-03-29,0.10016488046166527
109,ADI,2015-12-30,365 days 00:00:00.000000000,48.52,59.89,2017-03-29,0.20975924730190937
110,ADI,2016-12-29,365 days 00:00:00.000000000,70.8,,2018-03-29,
111,ANSS,2008-01-01,365 days 00:00:00.000000000,34.9,27.89,2009-03-31,-0.22328396241439713
112,ANSS,2008-12-31,365 days 00:00:00.000000000,24.55,43.46,2010-03-31,0.5560946919570651
113,ANSS,2009-12-31,365 days 00:00:00.000000000,41.97,52.07,2011-03-31,0.21480221182475548
114,ANSS,2010-12-31,365 days 00:00:00.000000000,52.68,57.28,2012-03-30,0.08366678792288107
115,ANSS,2011-12-31,365 days 00:00:00.000000000,60.93,67.34,2013-03-30,0.09994542761362755
116,ANSS,2012-12-30,365 days 00:00:00.000000000,73.99,87.2,2014-03-30,0.16390594950058945
117,ANSS,2013-12-30,365 days 00:00:00.000000000,78.51,82.0,2015-03-30,0.04348638714098804
118,ANSS,2014-12-30,365 days 00:00:00.000000000,80.82,92.5,2016-03-29,0.1347795984306486
119,ANSS,2015-12-30,365 days 00:00:00.000000000,87.35,92.49,2017-03-29,0.05716192170818507
120,ANSS,2016-12-29,365 days 00:00:00.000000000,93.46,147.59,2018-03-29,0.4491184401576437
121,AAPL,2008-01-01,365 days 00:00:00.000000000,16.89,10.58,2009-03-31,-0.45941026574444854
122,AAPL,2008-12-31,365 days 00:00:00.000000000,11.05,26.13,2010-03-31,0.8111888111888111
123,AAPL,2009-12-31,365 days 00:00:00.000000000,23.86,40.0,2011-03-31,0.505480739116818
124,AAPL,2010-12-31,365 days 00:00:00.000000000,42.32,50.22,2012-03-30,0.17073697860384696
125,AAPL,2011-12-31,365 days 00:00:00.000000000,56.85,72.89,2013-03-30,0.24726375828580235
126,AAPL,2012-12-30,365 days 00:00:00.000000000,57.44,60.79,2014-03-30,0.05666920409371567
127,AAPL,2013-12-30,365 days 00:00:00.000000000,64.46,,2015-03-30,
128,AAPL,2014-12-30,365 days 00:00:00.000000000,108.21,102.39,2016-03-29,-0.05527065527065521
129,AAPL,2015-12-30,365 days 00:00:00.000000000,89.94,107.19,2017-03-29,0.17501141378785573
130,AAPL,2016-12-29,365 days 00:00:00.000000000,121.06,148.7,2018-03-29,0.20492289442467368
131,AMAT,2008-01-01,365 days 00:00:00.000000000,14.1,11.96,2009-03-31,-0.1642363775901764
132,AMAT,2008-12-31,365 days 00:00:00.000000000,7.35,10.8,2010-03-31,0.38016528925619847
133,AMAT,2009-12-31,365 days 00:00:00.000000000,10.01,9.63,2011-03-31,-0.03869653767820764
134,AMAT,2010-12-31,365 days 00:00:00.000000000,13.11,8.75,2012-03-30,-0.39890210430009143
135,AMAT,2011-12-31,365 days 00:00:00.000000000,10.58,9.71,2013-03-30,-0.08575653031049771
136,AMAT,2012-12-30,365 days 00:00:00.000000000,11.34,15.68,2014-03-30,0.32124352331606215
137,AMAT,2013-12-30,365 days 00:00:00.000000000,14.94,19.74,2015-03-30,0.27681660899653976
138,AMAT,2014-12-30,365 days 00:00:00.000000000,21.03,13.68,2016-03-29,-0.4235090751944685
139,AMAT,2015-12-30,365 days 00:00:00.000000000,16.34,28.61,2017-03-29,0.5459399332591768
140,AMAT,2016-12-29,365 days 00:00:00.000000000,32.93,,2018-03-29,
141,ASML,2008-01-01,365 days 00:00:00.000000000,18.64,10.85,2009-03-31,-0.5283146829433707
142,ASML,2008-12-31,365 days 00:00:00.000000000,11.6,22.28,2010-03-31,0.6304604486422669
143,ASML,2009-12-31,365 days 00:00:00.000000000,22.7,23.65,2011-03-31,0.040992448759439026
144,ASML,2010-12-31,365 days 00:00:00.000000000,31.19,29.03,2012-03-30,-0.07173696446363335
145,ASML,2011-12-31,365 days 00:00:00.000000000,32.44,46.49,2013-03-30,0.3560116558976309
146,ASML,2012-12-30,365 days 00:00:00.000000000,72.14,87.6,2014-03-30,0.19356454238136964
147,ASML,2013-12-30,365 days 00:00:00.000000000,80.17,100.13,2015-03-30,0.2214087631724902
148,ASML,2014-12-30,365 days 00:00:00.000000000,97.57,88.51,2016-03-29,-0.09737747205502997
149,ASML,2015-12-30,365 days 00:00:00.000000000,86.89,99.62,2017-03-29,0.13650742587528825
150,ASML,2016-12-29,365 days 00:00:00.000000000,117.5,171.22,2018-03-29,0.37212524244943196
151,ADSK,2008-01-01,365 days 00:00:00.000000000,41.84,19.65,2009-03-31,-0.7217433729061637
152,ADSK,2008-12-31,365 days 00:00:00.000000000,16.4,25.41,2010-03-31,0.43099736905046643
153,ADSK,2009-12-31,365 days 00:00:00.000000000,23.73,38.2,2011-03-31,0.46730179234619734
154,ADSK,2010-12-31,365 days 00:00:00.000000000,41.0,30.33,2012-03-30,-0.29917285854479186
155,ADSK,2011-12-31,365 days 00:00:00.000000000,36.33,35.35,2013-03-30,-0.02734374999999991
156,ADSK,2012-12-30,365 days 00:00:00.000000000,39.39,50.32,2014-03-30,0.24367406086278004
157,ADSK,2013-12-30,365 days 00:00:00.000000000,51.01,60.06,2015-03-30,0.1629602953092645
158,ADSK,2014-12-30,365 days 00:00:00.000000000,54.34,60.93,2016-03-29,0.11434024464301198
159,ADSK,2015-12-30,365 days 00:00:00.000000000,46.65,74.01,2017-03-29,0.4535057185479862
160,ADSK,2016-12-29,365 days 00:00:00.000000000,81.09,104.83,2018-03-29,0.25537865748709115
161,ADP,2008-01-01,365 days 00:00:00.000000000,25.91,,2009-03-31,
162,ADP,2008-12-31,365 days 00:00:00.000000000,23.63,,2010-03-31,
163,ADP,2009-12-31,365 days 00:00:00.000000000,27.84,,2011-03-31,
164,ADP,2010-12-31,365 days 00:00:00.000000000,33.69,,2012-03-30,
165,ADP,2011-12-31,365 days 00:00:00.000000000,39.88,,2013-03-30,
166,ADP,2012-12-30,365 days 00:00:00.000000000,44.49,,2014-03-30,
167,ADP,2013-12-30,365 days 00:00:00.000000000,58.39,,2015-03-30,
168,ADP,2014-12-30,365 days 00:00:00.000000000,72.74,,2016-03-29,
169,ADP,2015-12-30,365 days 00:00:00.000000000,73.51,,2017-03-29,
170,ADP,2016-12-29,365 days 00:00:00.000000000,89.6,,2018-03-29,
171,BIDU,2008-01-01,365 days 00:00:00.000000000,28.27,13.06,2009-03-31,-0.7360270989595935
172,BIDU,2008-12-31,365 days 00:00:00.000000000,12.8,41.12,2010-03-31,1.0504451038575666
173,BIDU,2009-12-31,365 days 00:00:00.000000000,41.78,105.05,2011-03-31,0.8618129809984336
174,BIDU,2010-12-31,365 days 00:00:00.000000000,116.39,116.47,2012-03-30,0.0006871081336425173
175,BIDU,2011-12-31,365 days 00:00:00.000000000,129.81,100.29,2013-03-30,-0.2565840938722294
176,BIDU,2012-12-30,365 days 00:00:00.000000000,108.86,177.88,2014-03-30,0.4814117318825416
177,BIDU,2013-12-30,365 days 00:00:00.000000000,156.26,227.97,2015-03-30,0.3732660125445697
178,BIDU,2014-12-30,365 days 00:00:00.000000000,218.77,189.04,2016-03-29,-0.14580319266325012
179,BIDU,2015-12-30,365 days 00:00:00.000000000,160.27,164.41,2017-03-29,0.025502032770728017
180,BIDU,2016-12-29,365 days 00:00:00.000000000,176.73,234.21,2018-03-29,0.2797488684479487
181,BIIB,2008-01-01,365 days 00:00:00.000000000,61.13,47.63,2009-03-31,-0.24825303420375136
182,BIIB,2008-12-31,365 days 00:00:00.000000000,48.15,53.5,2010-03-31,0.10526315789473686
183,BIIB,2009-12-31,365 days 00:00:00.000000000,53.41,67.05,2011-03-31,0.22646521666943387
184,BIIB,2010-12-31,365 days 00:00:00.000000000,67.75,110.05,2012-03-30,0.4758155230596175
185,BIIB,2011-12-31,365 days 00:00:00.000000000,118.46,146.37,2013-03-30,0.2107767246913115
186,BIIB,2012-12-30,365 days 00:00:00.000000000,157.28,279.57,2014-03-30,0.5598718095456106
187,BIIB,2013-12-30,365 days 00:00:00.000000000,314.84,339.45,2015-03-30,0.07522658148527415
188,BIIB,2014-12-30,365 days 00:00:00.000000000,389.03,306.35,2016-03-29,-0.23779803848255615
189,BIIB,2015-12-30,365 days 00:00:00.000000000,270.34,287.77,2017-03-29,0.062460805217609466
190,BIIB,2016-12-29,365 days 00:00:00.000000000,278.98,318.57,2018-03-29,0.13250773993808043
191,BMRN,2008-01-01,365 days 00:00:00.000000000,37.13,17.8,2009-03-31,-0.7038048425268524
192,BMRN,2008-12-31,365 days 00:00:00.000000000,19.05,18.81,2010-03-31,-0.012678288431061911
193,BMRN,2009-12-31,365 days 00:00:00.000000000,19.63,26.93,2011-03-31,0.313573883161512
194,BMRN,2010-12-31,365 days 00:00:00.000000000,25.6,34.38,2012-03-30,0.29276425475158385
195,BMRN,2011-12-31,365 days 00:00:00.000000000,36.0,49.2,2013-03-30,0.3098591549295775
196,BMRN,2012-12-30,365 days 00:00:00.000000000,54.89,70.35,2014-03-30,0.2468859789204726
197,BMRN,2013-12-30,365 days 00:00:00.000000000,68.89,90.4,2015-03-30,0.2700734509385398
198,BMRN,2014-12-30,365 days 00:00:00.000000000,97.72,104.76,2016-03-29,0.06953773212169109
199,BMRN,2015-12-30,365 days 00:00:00.000000000,73.81,82.84,2017-03-29,0.11528886051707629
200,BMRN,2016-12-29,365 days 00:00:00.000000000,87.79,89.17,2018-03-29,0.015596745027124721
201,BKNG,2008-01-01,365 days 00:00:00.000000000,109.92,73.65,2009-03-31,-0.39516260826932503
202,BKNG,2008-12-31,365 days 00:00:00.000000000,66.28,218.41,2010-03-31,1.0687414380554288
203,BKNG,2009-12-31,365 days 00:00:00.000000000,196.52,399.55,2011-03-31,0.6812287147482677
204,BKNG,2010-12-31,365 days 00:00:00.000000000,432.0,467.71,2012-03-30,0.07938113392093003
205,BKNG,2011-12-31,365 days 00:00:00.000000000,533.41,620.39,2013-03-30,0.15077136418790088
206,BKNG,2012-12-30,365 days 00:00:00.000000000,693.12,1162.4,2014-03-30,0.5058204708114168
207,BKNG,2013-12-30,365 days 00:00:00.000000000,1143.83,1140.21,2015-03-30,-0.0031698218945376533
208,BKNG,2014-12-30,365 days 00:00:00.000000000,1012.0,1274.95,2016-03-29,0.2299569295349702
209,BKNG,2015-12-30,365 days 00:00:00.000000000,1063.0,1466.06,2017-03-29,0.31874293215661154
210,BKNG,2016-12-29,365 days 00:00:00.000000000,1584.09,1737.74,2018-03-29,0.0925092494197476
211,AVGO,2008-12-31,365 days 00:00:00.000000000,15.15,15.19,2010-03-31,0.0026367831245879465
212,AVGO,2009-12-31,365 days 00:00:00.000000000,14.43,23.59,2011-03-31,0.48185165702261973
213,AVGO,2010-12-31,365 days 00:00:00.000000000,24.08,,2012-03-30,
214,AVGO,2011-12-31,365 days 00:00:00.000000000,28.99,,2013-03-30,
215,AVGO,2012-12-30,365 days 00:00:00.000000000,30.81,,2014-03-30,
216,AVGO,2013-12-30,365 days 00:00:00.000000000,48.04,,2015-03-30,
217,AVGO,2014-12-30,365 days 00:00:00.000000000,91.93,,2016-03-29,
218,AVGO,2015-12-30,365 days 00:00:00.000000000,120.15,,2017-03-29,
219,AVGO,2016-12-29,365 days 00:00:00.000000000,185.03,,2018-03-29,
220,CDNS,2008-01-01,365 days 00:00:00.000000000,10.13,3.66,2009-03-31,-0.9383611312545324
221,CDNS,2008-12-31,365 days 00:00:00.000000000,3.1,5.99,2010-03-31,0.6358635863586359
222,CDNS,2009-12-31,365 days 00:00:00.000000000,5.81,8.26,2011-03-31,0.3482587064676617
223,CDNS,2010-12-31,365 days 00:00:00.000000000,8.68,10.34,2012-03-30,0.17455310199789698
224,CDNS,2011-12-31,365 days 00:00:00.000000000,10.65,13.51,2013-03-30,0.23675496688741718
225,CDNS,2012-12-30,365 days 00:00:00.000000000,13.96,14.02,2014-03-30,0.004288777698355877
226,CDNS,2013-12-30,365 days 00:00:00.000000000,14.06,18.97,2015-03-30,0.2973054798667877
227,CDNS,2014-12-30,365 days 00:00:00.000000000,17.97,20.81,2016-03-29,0.14646725116039194
228,CDNS,2015-12-30,365 days 00:00:00.000000000,19.36,25.22,2017-03-29,0.26289816061013904
229,CDNS,2016-12-29,365 days 00:00:00.000000000,26.03,41.82,2018-03-29,0.46543846720707444
230,CDW,2012-12-30,365 days 00:00:00.000000000,17.44,,2014-03-30,
231,CDW,2013-12-30,365 days 00:00:00.000000000,22.18,29.23,2015-03-30,0.27426570706088316
232,CDW,2014-12-30,365 days 00:00:00.000000000,32.26,38.75,2016-03-29,0.18279115617518668
233,CDW,2015-12-30,365 days 00:00:00.000000000,36.27,43.81,2017-03-29,0.18831168831168826
234,CDW,2016-12-29,365 days 00:00:00.000000000,50.84,64.14,2018-03-29,0.2313445816663767
235,CERN,2008-01-01,365 days 00:00:00.000000000,12.31,9.54,2009-03-31,-0.25354691075514885
236,CERN,2008-12-31,365 days 00:00:00.000000000,8.31,20.45,2010-03-31,0.8442280945757997
237,CERN,2009-12-31,365 days 00:00:00.000000000,18.87,23.51,2011-03-31,0.21897121283624352
238,CERN,2010-12-31,365 days 00:00:00.000000000,24.59,30.26,2012-03-30,0.20674567000911584
239,CERN,2011-12-31,365 days 00:00:00.000000000,30.42,38.46,2013-03-30,0.23344947735191637
240,CERN,2012-12-30,365 days 00:00:00.000000000,41.22,57.04,2014-03-30,0.3220028495827397
241,CERN,2013-12-30,365 days 00:00:00.000000000,56.32,64.17,2015-03-30,0.1303012698149224
242,CERN,2014-12-30,365 days 00:00:00.000000000,66.4,59.72,2016-03-29,-0.10593085949889006
243,CERN,2015-12-30,365 days 00:00:00.000000000,56.95,47.01,2017-03-29,-0.19122739515198162
244,CERN,2016-12-29,365 days 00:00:00.000000000,53.21,66.88,2018-03-29,0.2276625863935381
245,CHTR,2009-12-31,365 days 00:00:00.000000000,30.25,38.94,2011-03-31,0.2511923688394276
246,CHTR,2010-12-31,365 days 00:00:00.000000000,41.93,56.94,2012-03-30,0.30363103064630315
247,CHTR,2011-12-31,365 days 00:00:00.000000000,57.96,76.24,2013-03-30,0.2724292101341281
248,CHTR,2012-12-30,365 days 00:00:00.000000000,78.06,136.76,2014-03-30,0.5465040499022437
249,CHTR,2013-12-30,365 days 00:00:00.000000000,137.73,166.62,2015-03-30,0.1898472153770331
250,CHTR,2014-12-30,365 days 00:00:00.000000000,151.16,183.1,2016-03-29,0.19110871776461436
251,CHTR,2015-12-30,365 days 00:00:00.000000000,169.64,275.31,2017-03-29,0.47497471626025406
252,CHTR,2016-12-29,365 days 00:00:00.000000000,323.85,335.96,2018-03-29,0.03670753701823239
253,CHKP,2008-01-01,365 days 00:00:00.000000000,21.39,18.99,2009-03-31,-0.11887072808320963
254,CHKP,2008-12-31,365 days 00:00:00.000000000,22.26,33.88,2010-03-31,0.41396508728179554
255,CHKP,2009-12-31,365 days 00:00:00.000000000,32.09,46.26,2011-03-31,0.36171027440969994
256,CHKP,2010-12-31,365 days 00:00:00.000000000,45.23,52.54,2012-03-30,0.14953462207221035
257,CHKP,2011-12-31,365 days 00:00:00.000000000,57.0,47.64,2013-03-30,-0.17889908256880732
258,CHKP,2012-12-30,365 days 00:00:00.000000000,50.0,64.5,2014-03-30,0.25327510917030566
259,CHKP,2013-12-30,365 days 00:00:00.000000000,64.72,78.57,2015-03-30,0.19331425779886935
260,CHKP,2014-12-30,365 days 00:00:00.000000000,77.15,81.38,2016-03-29,0.05336529363527395
261,CHKP,2015-12-30,365 days 00:00:00.000000000,79.55,84.46,2017-03-29,0.05987439790256688
262,CHKP,2016-12-29,365 days 00:00:00.000000000,98.56,103.62,2018-03-29,0.05005440696409143
263,CTAS,2008-01-01,365 days 00:00:00.000000000,27.05,19.94,2009-03-31,-0.30261757820812935
264,CTAS,2008-12-31,365 days 00:00:00.000000000,17.86,23.81,2010-03-31,0.2855771538276937
265,CTAS,2009-12-31,365 days 00:00:00.000000000,21.36,23.12,2011-03-31,0.07913669064748208
266,CTAS,2010-12-31,365 days 00:00:00.000000000,24.94,,2012-03-30,
267,CTAS,2011-12-31,365 days 00:00:00.000000000,33.52,,2013-03-30,
268,CTAS,2012-12-30,365 days 00:00:00.000000000,38.76,,2014-03-30,
269,CTAS,2013-12-30,365 days 00:00:00.000000000,52.72,,2015-03-30,
270,CTAS,2014-12-30,365 days 00:00:00.000000000,74.48,,2016-03-29,
271,CTAS,2015-12-30,365 days 00:00:00.000000000,81.68,,2017-03-29,
272,CTAS,2016-12-29,365 days 00:00:00.000000000,112.16,,2018-03-29,
273,CSCO,2008-01-01,365 days 00:00:00.000000000,19.06,12.62,2009-03-31,-0.4065656565656565
274,CSCO,2008-12-31,365 days 00:00:00.000000000,11.5,18.53,2010-03-31,0.4681984681984683
275,CSCO,2009-12-31,365 days 00:00:00.000000000,17.53,15.66,2011-03-31,-0.11268454353721007
276,CSCO,2010-12-31,365 days 00:00:00.000000000,16.47,14.45,2012-03-30,-0.13065976714100905
277,CSCO,2011-12-31,365 days 00:00:00.000000000,,15.13,2013-03-30,
278,CSCO,2012-12-30,365 days 00:00:00.000000000,16.67,18.41,2014-03-30,0.09920182440136821
279,CSCO,2013-12-30,365 days 00:00:00.000000000,,21.19,2015-03-30,
280,CSCO,2014-12-30,365 days 00:00:00.000000000,,22.76,2016-03-29,
281,CSCO,2015-12-30,365 days 00:00:00.000000000,,28.46,2017-03-29,
282,CSCO,2016-12-29,365 days 00:00:00.000000000,,31.24,2018-03-29,
283,CTXS,2008-01-01,365 days 00:00:00.000000000,26.96,18.39,2009-03-31,-0.3779492833517089
284,CTXS,2008-12-31,365 days 00:00:00.000000000,16.3,32.46,2010-03-31,0.6628383921246923
285,CTXS,2009-12-31,365 days 00:00:00.000000000,32.56,53.37,2011-03-31,0.4843477248923541
286,CTXS,2010-12-31,365 days 00:00:00.000000000,49.55,47.38,2012-03-30,-0.044774579593520984
287,CTXS,2011-12-31,365 days 00:00:00.000000000,51.21,51.2,2013-03-30,-0.0001952934283760963
288,CTXS,2012-12-30,365 days 00:00:00.000000000,57.17,49.35,2014-03-30,-0.14682688696958318
289,CTXS,2013-12-30,365 days 00:00:00.000000000,42.25,49.78,2015-03-30,0.16364229055742696
290,CTXS,2014-12-30,365 days 00:00:00.000000000,46.3,59.02,2016-03-29,0.24154956323585278
291,CTXS,2015-12-30,365 days 00:00:00.000000000,54.95,69.68,2017-03-29,0.2363796838642382
292,CTXS,2016-12-29,365 days 00:00:00.000000000,72.77,85.86,2018-03-29,0.16503813906575054
293,CTSH,2008-01-01,365 days 00:00:00.000000000,13.56,8.72,2009-03-31,-0.4344703770197486
294,CTSH,2008-12-31,365 days 00:00:00.000000000,9.04,21.88,2010-03-31,0.8305304010349289
295,CTSH,2009-12-31,365 days 00:00:00.000000000,21.14,35.37,2011-03-31,0.5036276765174305
296,CTSH,2010-12-31,365 days 00:00:00.000000000,35.41,31.04,2012-03-30,-0.13152746425884118
297,CTSH,2011-12-31,365 days 00:00:00.000000000,35.08,35.66,2013-03-30,0.01639807746677971
298,CTSH,2012-12-30,365 days 00:00:00.000000000,38.11,48.74,2014-03-30,0.2447898675877951
299,CTSH,2013-12-30,365 days 00:00:00.000000000,46.88,52.11,2015-03-30,0.10566723911506205
300,CTSH,2014-12-30,365 days 00:00:00.000000000,52.52,57.93,2016-03-29,0.09796287913082836
301,CTSH,2015-12-30,365 days 00:00:00.000000000,60.31,53.9,2017-03-29,-0.112249365204448
302,CTSH,2016-12-29,365 days 00:00:00.000000000,50.85,73.37,2018-03-29,0.362582514892932
303,CMCSA,2008-01-01,365 days 00:00:00.000000000,7.34,6.37,2009-03-31,-0.14150255288110863
304,CMCSA,2008-12-31,365 days 00:00:00.000000000,,6.94,2010-03-31,
305,CMCSA,2009-12-31,365 days 00:00:00.000000000,,7.59,2011-03-31,
306,CMCSA,2010-12-31,365 days 00:00:00.000000000,,8.94,2012-03-30,
307,CMCSA,2011-12-31,365 days 00:00:00.000000000,11.54,16.38,2013-03-30,0.34670487106017195
308,CMCSA,2012-12-30,365 days 00:00:00.000000000,16.92,,2014-03-30,
309,CMCSA,2013-12-30,365 days 00:00:00.000000000,23.22,24.32,2015-03-30,0.04627681952040393
310,CMCSA,2014-12-30,365 days 00:00:00.000000000,,26.15,2016-03-29,
311,CMCSA,2015-12-30,365 days 00:00:00.000000000,,31.04,2017-03-29,
312,CMCSA,2016-12-29,365 days 00:00:00.000000000,32.86,38.63,2018-03-29,0.16142117778710316
313,CPRT,2008-01-01,365 days 00:00:00.000000000,10.26,6.8,2009-03-31,-0.40562719812426734
314,CPRT,2008-12-31,365 days 00:00:00.000000000,5.94,9.15,2010-03-31,0.4254473161033797
315,CPRT,2009-12-31,365 days 00:00:00.000000000,8.45,9.34,2011-03-31,0.10005621135469371
316,CPRT,2010-12-31,365 days 00:00:00.000000000,9.87,11.97,2012-03-30,0.19230769230769243
317,CPRT,2011-12-31,365 days 00:00:00.000000000,11.83,15.07,2013-03-30,0.24089219330855022
318,CPRT,2012-12-30,365 days 00:00:00.000000000,17.92,18.33,2014-03-30,0.022620689655172225
319,CPRT,2013-12-30,365 days 00:00:00.000000000,17.06,16.69,2015-03-30,-0.021925925925925776
320,CPRT,2014-12-30,365 days 00:00:00.000000000,18.41,19.0,2016-03-29,0.03154236835070836
321,CPRT,2015-12-30,365 days 00:00:00.000000000,16.62,27.7,2017-03-29,0.49999999999999994
322,CPRT,2016-12-29,365 days 00:00:00.000000000,28.52,36.29,2018-03-29,0.23977781206603918
323,CSGP,2008-01-01,365 days 00:00:00.000000000,42.59,32.94,2009-03-31,-0.25552760492519544
324,CSGP,2008-12-31,365 days 00:00:00.000000000,29.39,41.77,2010-03-31,0.34794828555368196
325,CSGP,2009-12-31,365 days 00:00:00.000000000,40.65,57.56,2011-03-31,0.3443641177069545
326,CSGP,2010-12-31,365 days 00:00:00.000000000,56.5,66.73,2012-03-30,0.16603099894506212
327,CSGP,2011-12-31,365 days 00:00:00.000000000,56.88,89.37,2013-03-30,0.44430769230769235
328,CSGP,2012-12-30,365 days 00:00:00.000000000,93.78,184.58,2014-03-30,0.6523925851415434
329,CSGP,2013-12-30,365 days 00:00:00.000000000,172.05,183.63,2015-03-30,0.06511470985155186
330,CSGP,2014-12-30,365 days 00:00:00.000000000,184.89,206.69,2016-03-29,0.11134378671025084
331,CSGP,2015-12-30,365 days 00:00:00.000000000,174.07,188.49,2017-03-29,0.07954545454545463
332,CSGP,2016-12-29,365 days 00:00:00.000000000,203.33,296.95,2018-03-29,0.37427040857120003
333,COST,2008-01-01,365 days 00:00:00.000000000,51.5,49.43,2009-03-31,-0.04101852769246012
334,COST,2008-12-31,365 days 00:00:00.000000000,34.2,43.54,2010-03-31,0.24028813995369167
335,COST,2009-12-31,365 days 00:00:00.000000000,44.77,50.46,2011-03-31,0.11950015751338859
336,COST,2010-12-31,365 days 00:00:00.000000000,56.69,65.05,2012-03-30,0.13734187612945623
337,COST,2011-12-31,365 days 00:00:00.000000000,65.86,80.27,2013-03-30,0.19722165195373978
338,COST,2012-12-30,365 days 00:00:00.000000000,88.55,99.92,2014-03-30,0.12065580729028498
339,COST,2013-12-30,365 days 00:00:00.000000000,98.25,109.96,2015-03-30,0.11248258969309827
340,COST,2014-12-30,365 days 00:00:00.000000000,126.68,,2016-03-29,
341,COST,2015-12-30,365 days 00:00:00.000000000,138.53,141.24,2017-03-29,0.019373056439217988
342,COST,2016-12-29,365 days 00:00:00.000000000,152.2,,2018-03-29,
343,CSX,2008-01-01,365 days 00:00:00.000000000,12.7,14.39,2009-03-31,0.12476928755998533
344,CSX,2008-12-31,365 days 00:00:00.000000000,7.49,11.34,2010-03-31,0.40892193308550184
345,CSX,2009-12-31,365 days 00:00:00.000000000,11.93,15.28,2011-03-31,0.24623300257258357
346,CSX,2010-12-31,365 days 00:00:00.000000000,19.77,,2012-03-30,
347,CSX,2011-12-31,365 days 00:00:00.000000000,19.38,17.94,2013-03-30,-0.07717041800643075
348,CSX,2012-12-30,365 days 00:00:00.000000000,19.36,22.82,2014-03-30,0.16405879563774306
349,CSX,2013-12-30,365 days 00:00:00.000000000,24.01,29.05,2015-03-30,0.18997361477572555
350,CSX,2014-12-30,365 days 00:00:00.000000000,30.45,24.88,2016-03-29,-0.2013374299656606
351,CSX,2015-12-30,365 days 00:00:00.000000000,21.04,28.99,2017-03-29,0.3178093144113531
352,CSX,2016-12-29,365 days 00:00:00.000000000,44.47,52.43,2018-03-29,0.16429308565531475
353,DLTR,2008-01-01,365 days 00:00:00.000000000,9.33,13.9,2009-03-31,0.3934567369780457
354,DLTR,2008-12-31,365 days 00:00:00.000000000,14.29,16.1,2010-03-31,0.11911813096413308
355,DLTR,2009-12-31,365 days 00:00:00.000000000,16.63,27.48,2011-03-31,0.49195193833597833
356,DLTR,2010-12-31,365 days 00:00:00.000000000,25.47,41.56,2012-03-30,0.480083544681486
357,DLTR,2011-12-31,365 days 00:00:00.000000000,42.69,41.74,2013-03-30,-0.022503849342650612
358,DLTR,2012-12-30,365 days 00:00:00.000000000,40.25,56.42,2014-03-30,0.33454018826937004
359,DLTR,2013-12-30,365 days 00:00:00.000000000,50.49,70.38,2015-03-30,0.3291139240506328
360,DLTR,2014-12-30,365 days 00:00:00.000000000,71.22,77.22,2016-03-29,0.08084074373484236
361,DLTR,2015-12-30,365 days 00:00:00.000000000,81.21,77.18,2017-03-29,-0.050887050950186086
362,DLTR,2016-12-29,365 days 00:00:00.000000000,77.01,107.31,2018-03-29,0.32877604166666663
363,EBAY,2008-01-01,365 days 00:00:00.000000000,11.41,5.76,2009-03-31,-0.6581246359930111
364,EBAY,2008-12-31,365 days 00:00:00.000000000,4.94,9.71,2010-03-31,0.6511945392491467
365,EBAY,2009-12-31,365 days 00:00:00.000000000,9.46,11.49,2011-03-31,0.1937947494033412
366,EBAY,2010-12-31,365 days 00:00:00.000000000,12.63,12.52,2012-03-30,-0.008747514910536876
367,EBAY,2011-12-31,365 days 00:00:00.000000000,13.17,21.05,2013-03-30,0.46054938632378734
368,EBAY,2012-12-30,365 days 00:00:00.000000000,23.28,22.65,2014-03-30,-0.02743305029392565
369,EBAY,2013-12-30,365 days 00:00:00.000000000,21.93,23.16,2015-03-30,0.0545575515635396
370,EBAY,2014-12-30,365 days 00:00:00.000000000,21.92,29.02,2016-03-29,0.2787593246957204
371,EBAY,2015-12-30,365 days 00:00:00.000000000,22.89,29.11,2017-03-29,0.2392307692307692
372,EBAY,2016-12-29,365 days 00:00:00.000000000,31.28,37.01,2018-03-29,0.1678137355396104
373,EA,2008-01-01,365 days 00:00:00.000000000,46.61,16.04,2009-03-31,-0.9758978451715882
374,EA,2008-12-31,365 days 00:00:00.000000000,15.2,17.75,2010-03-31,0.15477996965098637
375,EA,2009-12-31,365 days 00:00:00.000000000,16.52,16.38,2011-03-31,-0.008510638297872375
376,EA,2010-12-31,365 days 00:00:00.000000000,15.58,20.6,2012-03-30,0.277501381978994
377,EA,2011-12-31,365 days 00:00:00.000000000,18.7,14.52,2013-03-30,-0.25165562913907286
378,EA,2012-12-30,365 days 00:00:00.000000000,15.62,22.94,2014-03-30,0.3796680497925312
379,EA,2013-12-30,365 days 00:00:00.000000000,26.36,47.02,2015-03-30,0.5630962115017717
380,EA,2014-12-30,365 days 00:00:00.000000000,55.03,68.72,2016-03-29,0.22125252525252523
381,EA,2015-12-30,365 days 00:00:00.000000000,64.17,78.76,2017-03-29,0.20415588050094455
382,EA,2016-12-29,365 days 00:00:00.000000000,83.43,105.06,2018-03-29,0.22950819672131142
383,EXC,2008-01-01,365 days 00:00:00.000000000,46.04,38.48,2009-03-31,-0.17889256980596316
384,EXC,2008-12-31,365 days 00:00:00.000000000,33.27,31.74,2010-03-31,-0.047069681587448224
385,EXC,2009-12-31,365 days 00:00:00.000000000,29.65,28.58,2011-03-31,-0.03675081573072301
386,EXC,2010-12-31,365 days 00:00:00.000000000,29.09,30.08,2012-03-30,0.033462903498394404
387,EXC,2011-12-31,365 days 00:00:00.000000000,28.51,,2013-03-30,
388,EXC,2012-12-30,365 days 00:00:00.000000000,23.83,23.24,2014-03-30,-0.02506904610155088
389,EXC,2013-12-30,365 days 00:00:00.000000000,23.08,27.82,2015-03-30,0.1862475442043223
390,EXC,2014-12-30,365 days 00:00:00.000000000,29.62,25.13,2016-03-29,-0.16401826484018273
391,EXC,2015-12-30,365 days 00:00:00.000000000,25.15,29.28,2017-03-29,0.15175454712474748
392,EXC,2016-12-29,365 days 00:00:00.000000000,32.01,34.78,2018-03-29,0.08294654888456367
393,EXPE,2008-01-01,365 days 00:00:00.000000000,30.43,10.85,2009-03-31,-0.9486434108527131
394,EXPE,2008-12-31,365 days 00:00:00.000000000,11.59,33.89,2010-03-31,0.980650835532102
395,EXPE,2009-12-31,365 days 00:00:00.000000000,28.33,37.53,2011-03-31,0.2793805040996053
396,EXPE,2010-12-31,365 days 00:00:00.000000000,33.76,34.62,2012-03-30,0.025153553670663922
397,EXPE,2011-12-31,365 days 00:00:00.000000000,29.73,53.4,2013-03-30,0.5694695055936485
398,EXPE,2012-12-30,365 days 00:00:00.000000000,61.56,48.71,2014-03-30,-0.23306429672621748
399,EXPE,2013-12-30,365 days 00:00:00.000000000,61.33,83.09,2015-03-30,0.30134330425148875
400,EXPE,2014-12-30,365 days 00:00:00.000000000,81.99,112.47,2016-03-29,0.31348349274915155
401,EXPE,2015-12-30,365 days 00:00:00.000000000,95.92,112.53,2017-03-29,0.15936675461741426
402,EXPE,2016-12-29,365 days 00:00:00.000000000,117.67,139.96,2018-03-29,0.17303885417071
403,FB,2011-12-31,365 days 00:00:00.000000000,28.89,26.62,2013-03-30,-0.08178706539362275
404,FB,2012-12-30,365 days 00:00:00.000000000,31.01,54.65,2014-03-30,0.5519495680597711
405,FB,2013-12-30,365 days 00:00:00.000000000,63.03,78.02,2015-03-30,0.21254874158099957
406,FB,2014-12-30,365 days 00:00:00.000000000,76.11,104.66,2016-03-29,0.3158709962936328
407,FB,2015-12-30,365 days 00:00:00.000000000,112.27,115.05,2017-03-29,0.024458912546190405
408,FB,2016-12-29,365 days 00:00:00.000000000,132.25,176.46,2018-03-29,0.28641767354475073
409,FAST,2008-01-01,365 days 00:00:00.000000000,7.43,7.51,2009-03-31,0.01070950468540831
410,FAST,2008-12-31,365 days 00:00:00.000000000,6.34,6.62,2010-03-31,0.04320987654320991
411,FAST,2009-12-31,365 days 00:00:00.000000000,7.98,10.06,2011-03-31,0.2305986696230599
412,FAST,2010-12-31,365 days 00:00:00.000000000,11.5,13.39,2012-03-30,0.15186822016874252
413,FAST,2011-12-31,365 days 00:00:00.000000000,,17.47,2013-03-30,
414,FAST,2012-12-30,365 days 00:00:00.000000000,,21.01,2014-03-30,
415,FAST,2013-12-30,365 days 00:00:00.000000000,,19.17,2015-03-30,
416,FAST,2014-12-30,365 days 00:00:00.000000000,,16.04,2016-03-29,
417,FAST,2015-12-30,365 days 00:00:00.000000000,,18.84,2017-03-29,
418,FAST,2016-12-29,365 days 00:00:00.000000000,,21.15,2018-03-29,
419,FISV,2008-01-01,365 days 00:00:00.000000000,12.92,9.09,2009-03-31,-0.34802362562471606
420,FISV,2008-12-31,365 days 00:00:00.000000000,7.88,12.12,2010-03-31,0.42399999999999993
421,FISV,2009-12-31,365 days 00:00:00.000000000,11.3,14.64,2011-03-31,0.25751734772552043
422,FISV,2010-12-31,365 days 00:00:00.000000000,15.54,14.69,2012-03-30,-0.056235527621567964
423,FISV,2011-12-31,365 days 00:00:00.000000000,15.88,19.76,2013-03-30,0.2177328843995511
424,FISV,2012-12-30,365 days 00:00:00.000000000,20.27,29.52,2014-03-30,0.37156055432817836
425,FISV,2013-12-30,365 days 00:00:00.000000000,28.19,35.49,2015-03-30,0.2292713567839196
426,FISV,2014-12-30,365 days 00:00:00.000000000,36.56,45.73,2016-03-29,0.22287033661441233
427,FISV,2015-12-30,365 days 00:00:00.000000000,46.78,53.14,2017-03-29,0.12730184147317852
428,FISV,2016-12-29,365 days 00:00:00.000000000,53.56,65.57,2018-03-29,0.201628473096617
429,GILD,2008-01-01,365 days 00:00:00.000000000,19.94,22.19,2009-03-31,0.1068122478044149
430,GILD,2008-12-31,365 days 00:00:00.000000000,21.94,18.78,2010-03-31,-0.1552062868369352
431,GILD,2009-12-31,365 days 00:00:00.000000000,20.93,15.73,2011-03-31,-0.2836879432624113
432,GILD,2010-12-31,365 days 00:00:00.000000000,16.81,17.76,2012-03-30,0.054960948799537335
433,GILD,2011-12-31,365 days 00:00:00.000000000,21.29,31.87,2013-03-30,0.39804364183596697
434,GILD,2012-12-30,365 days 00:00:00.000000000,,64.93,2014-03-30,
435,GILD,2013-12-30,365 days 00:00:00.000000000,70.97,81.81,2015-03-30,0.1419033904961383
436,GILD,2014-12-30,365 days 00:00:00.000000000,92.08,94.56,2016-03-29,0.026575225032147494
437,GILD,2015-12-30,365 days 00:00:00.000000000,72.3,,2017-03-29,
438,GILD,2016-12-29,365 days 00:00:00.000000000,65.34,,2018-03-29,
439,IDXX,2008-01-01,365 days 00:00:00.000000000,28.18,18.04,2009-03-31,-0.43877109476417137
440,IDXX,2008-12-31,365 days 00:00:00.000000000,16.24,26.73,2010-03-31,0.48824761461484767
441,IDXX,2009-12-31,365 days 00:00:00.000000000,26.38,34.61,2011-03-31,0.2698803082472537
442,IDXX,2010-12-31,365 days 00:00:00.000000000,36.03,38.48,2012-03-30,0.06576298483425033
443,IDXX,2011-12-31,365 days 00:00:00.000000000,42.44,46.4,2013-03-30,0.08914903196758218
444,IDXX,2012-12-30,365 days 00:00:00.000000000,47.82,53.19,2014-03-30,0.10632610632610628
445,IDXX,2013-12-30,365 days 00:00:00.000000000,56.85,74.14,2015-03-30,0.26398961752805555
446,IDXX,2014-12-30,365 days 00:00:00.000000000,79.54,70.82,2016-03-29,-0.11598829475924465
447,IDXX,2015-12-30,365 days 00:00:00.000000000,69.85,117.27,2017-03-29,0.506840530141086
448,IDXX,2016-12-29,365 days 00:00:00.000000000,122.4,156.38,2018-03-29,0.2437764545519764
449,ILMN,2008-01-01,365 days 00:00:00.000000000,31.96,22.01,2009-03-31,-0.3687233648323142
450,ILMN,2008-12-31,365 days 00:00:00.000000000,27.19,30.68,2010-03-31,0.12061517193710034
451,ILMN,2009-12-31,365 days 00:00:00.000000000,36.7,63.34,2011-03-31,0.5325869652139145
452,ILMN,2010-12-31,365 days 00:00:00.000000000,69.35,30.48,2012-03-30,-0.77872383051187
453,ILMN,2011-12-31,365 days 00:00:00.000000000,51.64,55.59,2013-03-30,0.07367341229133643
454,ILMN,2012-12-30,365 days 00:00:00.000000000,50.62,110.59,2014-03-30,0.7439985112586068
455,ILMN,2013-12-30,365 days 00:00:00.000000000,151.53,184.58,2015-03-30,0.19666180714646997
456,ILMN,2014-12-30,365 days 00:00:00.000000000,195.37,191.95,2016-03-29,-0.017659816172673842
457,ILMN,2015-12-30,365 days 00:00:00.000000000,156.73,128.04,2017-03-29,-0.20149594409523475
458,ILMN,2016-12-29,365 days 00:00:00.000000000,158.0,218.49,2018-03-29,0.32133655608382694
459,INCY,2008-01-01,365 days 00:00:00.000000000,12.05,3.79,2009-03-31,-1.042929292929293
460,INCY,2008-12-31,365 days 00:00:00.000000000,2.92,9.11,2010-03-31,1.029093931837074
461,INCY,2009-12-31,365 days 00:00:00.000000000,10.76,16.56,2011-03-31,0.4245973645680819
462,INCY,2010-12-31,365 days 00:00:00.000000000,14.79,15.01,2012-03-30,0.014765100671140985
463,INCY,2011-12-31,365 days 00:00:00.000000000,17.87,16.61,2013-03-30,-0.07308584686774951
464,INCY,2012-12-30,365 days 00:00:00.000000000,18.38,50.63,2014-03-30,0.9346471525865816
465,INCY,2013-12-30,365 days 00:00:00.000000000,65.89,73.11,2015-03-30,0.10388489208633092
466,INCY,2014-12-30,365 days 00:00:00.000000000,80.44,108.45,2016-03-29,0.2965747260310234
467,INCY,2015-12-30,365 days 00:00:00.000000000,70.0,100.27,2017-03-29,0.35555294532213544
468,INCY,2016-12-29,365 days 00:00:00.000000000,121.12,94.71,2018-03-29,-0.24472964833433733
469,INTC,2008-01-01,365 days 00:00:00.000000000,14.71,13.12,2009-03-31,-0.11426518145885747
470,INTC,2008-12-31,365 days 00:00:00.000000000,9.06,14.19,2010-03-31,0.4412903225806451
471,INTC,2009-12-31,365 days 00:00:00.000000000,14.22,14.34,2011-03-31,0.00840336134453776
472,INTC,2010-12-31,365 days 00:00:00.000000000,16.18,16.49,2012-03-30,0.018977655341291626
473,INTC,2011-12-31,365 days 00:00:00.000000000,20.85,18.09,2013-03-30,-0.14175654853620964
474,INTC,2012-12-30,365 days 00:00:00.000000000,17.09,19.05,2014-03-30,0.10846707249584953
475,INTC,2013-12-30,365 days 00:00:00.000000000,20.55,29.94,2015-03-30,0.37195484254307787
476,INTC,2014-12-30,365 days 00:00:00.000000000,28.61,26.68,2016-03-29,-0.06981370953156085
477,INTC,2015-12-30,365 days 00:00:00.000000000,27.39,34.51,2017-03-29,0.2300484652665589
478,INTC,2016-12-29,365 days 00:00:00.000000000,33.91,35.85,2018-03-29,0.05561926605504602
479,INTU,2008-01-01,365 days 00:00:00.000000000,28.22,21.73,2009-03-31,-0.25985985985985977
480,INTU,2008-12-31,365 days 00:00:00.000000000,20.63,28.07,2010-03-31,0.3055441478439425
481,INTU,2009-12-31,365 days 00:00:00.000000000,26.95,45.03,2011-03-31,0.5023617671575438
482,INTU,2010-12-31,365 days 00:00:00.000000000,43.06,48.78,2012-03-30,0.12456445993031356
483,INTU,2011-12-31,365 days 00:00:00.000000000,,54.38,2013-03-30,
484,INTU,2012-12-30,365 days 00:00:00.000000000,,62.08,2014-03-30,
485,INTU,2013-12-30,365 days 00:00:00.000000000,,82.91,2015-03-30,
486,INTU,2014-12-30,365 days 00:00:00.000000000,,84.86,2016-03-29,
487,INTU,2015-12-30,365 days 00:00:00.000000000,,106.45,2017-03-29,
488,INTU,2016-12-29,365 days 00:00:00.000000000,,139.14,2018-03-29,
489,ISRG,2008-01-01,365 days 00:00:00.000000000,97.58,42.33,2009-03-31,-0.7897934386391252
490,ISRG,2008-12-31,365 days 00:00:00.000000000,33.99,101.14,2010-03-31,0.9938577665951307
491,ISRG,2009-12-31,365 days 00:00:00.000000000,109.45,85.92,2011-03-31,-0.2408762860213953
492,ISRG,2010-12-31,365 days 00:00:00.000000000,108.33,154.34,2012-03-30,0.35032550348345837
493,ISRG,2011-12-31,365 days 00:00:00.000000000,153.82,163.46,2013-03-30,0.06076651538073636
494,ISRG,2012-12-30,365 days 00:00:00.000000000,192.38,128.03,2014-03-30,-0.4016728566524141
495,ISRG,2013-12-30,365 days 00:00:00.000000000,135.12,176.31,2015-03-30,0.2645217223774203
496,ISRG,2014-12-30,365 days 00:00:00.000000000,166.62,182.05,2016-03-29,0.0885077580520263
497,ISRG,2015-12-30,365 days 00:00:00.000000000,179.67,211.39,2017-03-29,0.16222574540991153
498,ISRG,2016-12-29,365 days 00:00:00.000000000,230.02,399.78,2018-03-29,0.5390917751667195
499,JD,2013-12-30,365 days 00:00:00.000000000,25.4,23.14,2015-03-30,-0.09311907704985571
500,JD,2014-12-30,365 days 00:00:00.000000000,24.99,32.26,2016-03-29,0.25397379912663753
501,JD,2015-12-30,365 days 00:00:00.000000000,25.62,25.44,2017-03-29,-0.007050528789659213
502,JD,2016-12-29,365 days 00:00:00.000000000,28.59,41.42,2018-03-29,0.3665190687044708
503,KLAC,2008-01-01,365 days 00:00:00.000000000,24.53,18.51,2009-03-31,-0.2797397769516728
504,KLAC,2008-12-31,365 days 00:00:00.000000000,11.61,21.59,2010-03-31,0.6012048192771084
505,KLAC,2009-12-31,365 days 00:00:00.000000000,17.2,21.69,2011-03-31,0.23090768835176148
506,KLAC,2010-12-31,365 days 00:00:00.000000000,27.46,24.23,2012-03-30,-0.1249758173727994
507,KLAC,2011-12-31,365 days 00:00:00.000000000,33.03,31.09,2013-03-30,-0.06051154086088587
508,KLAC,2012-12-30,365 days 00:00:00.000000000,36.44,40.9,2014-03-30,0.1153348849237135
509,KLAC,2013-12-30,365 days 00:00:00.000000000,40.77,54.46,2015-03-30,0.28751443872729177
510,KLAC,2014-12-30,365 days 00:00:00.000000000,53.14,44.41,2016-03-29,-0.17898513582778072
511,KLAC,2015-12-30,365 days 00:00:00.000000000,59.44,63.86,2017-03-29,0.07169505271695055
512,KLAC,2016-12-29,365 days 00:00:00.000000000,78.93,99.62,2018-03-29,0.23175581069728363
513,KHC,2014-12-30,365 days 00:00:00.000000000,,61.15,2016-03-29,
514,KHC,2015-12-30,365 days 00:00:00.000000000,65.26,77.1,2017-03-29,0.16633885923012065
515,KHC,2016-12-29,365 days 00:00:00.000000000,77.11,68.67,2018-03-29,-0.11579091782137464
516,LRCX,2008-01-01,365 days 00:00:00.000000000,35.15,19.42,2009-03-31,-0.5765072384093823
517,LRCX,2008-12-31,365 days 00:00:00.000000000,18.25,35.78,2010-03-31,0.6488987599481769
518,LRCX,2009-12-31,365 days 00:00:00.000000000,30.25,47.25,2011-03-31,0.43870967741935485
519,LRCX,2010-12-31,365 days 00:00:00.000000000,46.04,33.78,2012-03-30,-0.3071911801553495
520,LRCX,2011-12-31,365 days 00:00:00.000000000,39.37,32.97,2013-03-30,-0.1769422173071606
521,LRCX,2012-12-30,365 days 00:00:00.000000000,37.76,49.69,2014-03-30,0.27284162378502
522,LRCX,2013-12-30,365 days 00:00:00.000000000,45.49,71.42,2015-03-30,0.4435890856214182
523,LRCX,2014-12-30,365 days 00:00:00.000000000,70.56,,2016-03-29,
524,LRCX,2015-12-30,365 days 00:00:00.000000000,66.37,,2017-03-29,
525,LRCX,2016-12-29,365 days 00:00:00.000000000,109.71,,2018-03-29,
526,LBTYA,2008-01-01,365 days 00:00:00.000000000,20.84,8.13,2009-03-31,-0.8774594408008284
527,LBTYA,2008-12-31,365 days 00:00:00.000000000,7.43,11.19,2010-03-31,0.40386680988184753
528,LBTYA,2009-12-31,365 days 00:00:00.000000000,13.16,18.08,2011-03-31,0.3149807938540332
529,LBTYA,2010-12-31,365 days 00:00:00.000000000,20.8,20.97,2012-03-30,0.008139813263107405
530,LBTYA,2011-12-31,365 days 00:00:00.000000000,23.52,32.17,2013-03-30,0.3106482312803018
531,LBTYA,2012-12-30,365 days 00:00:00.000000000,35.23,45.48,2014-03-30,0.2539957873869409
532,LBTYA,2013-12-30,365 days 00:00:00.000000000,40.62,51.99,2015-03-30,0.24554583738257219
533,LBTYA,2014-12-30,365 days 00:00:00.000000000,46.75,42.36,2016-03-29,-0.098529906856694
534,LBTYA,2015-12-30,365 days 00:00:00.000000000,34.21,31.32,2017-03-29,-0.08820387608728827
535,LBTYA,2016-12-29,365 days 00:00:00.000000000,36.6,35.84,2018-03-29,-0.020982882385422365
536,LBTYK,2008-01-01,365 days 00:00:00.000000000,18.75,7.59,2009-03-31,-0.8473804100227791
537,LBTYK,2008-12-31,365 days 00:00:00.000000000,7.05,10.93,2010-03-31,0.43159065628476084
538,LBTYK,2009-12-31,365 days 00:00:00.000000000,12.58,16.94,2011-03-31,0.29539295392953935
539,LBTYK,2010-12-31,365 days 00:00:00.000000000,19.22,19.76,2012-03-30,0.027706516162134563
540,LBTYK,2011-12-31,365 days 00:00:00.000000000,22.32,29.38,2013-03-30,0.2731141199226305
541,LBTYK,2012-12-30,365 days 00:00:00.000000000,31.83,42.16,2014-03-30,0.2792269225571023
542,LBTYK,2013-12-30,365 days 00:00:00.000000000,39.38,49.92,2015-03-30,0.23605823068309065
543,LBTYK,2014-12-30,365 days 00:00:00.000000000,45.46,40.77,2016-03-29,-0.10877884726893187
544,LBTYK,2015-12-30,365 days 00:00:00.000000000,33.28,30.45,2017-03-29,-0.08881217636905701
545,LBTYK,2016-12-29,365 days 00:00:00.000000000,35.1,33.84,2018-03-29,-0.03655352480417749
546,LULU,2008-01-01,365 days 00:00:00.000000000,16.9,3.96,2009-03-31,-1.24065196548418
547,LULU,2008-12-31,365 days 00:00:00.000000000,3.41,15.05,2010-03-31,1.2611050920910076
548,LULU,2009-12-31,365 days 00:00:00.000000000,14.15,34.21,2011-03-31,0.8296112489660877
549,LULU,2010-12-31,365 days 00:00:00.000000000,34.79,49.7,2012-03-30,0.35294117647058826
550,LULU,2011-12-31,365 days 00:00:00.000000000,63.61,76.23,2013-03-30,0.180491990846682
551,LULU,2012-12-30,365 days 00:00:00.000000000,69.24,59.03,2014-03-30,-0.15919544710376543
552,LULU,2013-12-30,365 days 00:00:00.000000000,46.0,55.79,2015-03-30,0.1923568130464682
553,LULU,2014-12-30,365 days 00:00:00.000000000,66.24,52.47,2016-03-29,-0.23199393479909017
554,LULU,2015-12-30,365 days 00:00:00.000000000,61.25,64.99,2017-03-29,0.059252217997465065
555,LULU,2016-12-29,365 days 00:00:00.000000000,67.87,78.59,2018-03-29,0.146388092311894
556,MAR,2008-01-01,365 days 00:00:00.000000000,29.01,,2009-03-31,
557,MAR,2008-12-31,365 days 00:00:00.000000000,12.97,22.75,2010-03-31,0.5475923852183651
558,MAR,2009-12-31,365 days 00:00:00.000000000,21.83,29.75,2011-03-31,0.30709577355564177
559,MAR,2010-12-31,365 days 00:00:00.000000000,32.92,22.87,2012-03-30,-0.3602796200035849
560,MAR,2011-12-31,365 days 00:00:00.000000000,31.01,35.29,2013-03-30,0.12911010558069375
561,MAR,2012-12-30,365 days 00:00:00.000000000,36.54,38.54,2014-03-30,0.05327650506126798
562,MAR,2013-12-30,365 days 00:00:00.000000000,45.48,64.9,2015-03-30,0.3518753397354595
563,MAR,2014-12-30,365 days 00:00:00.000000000,69.15,64.06,2016-03-29,-0.07642068913745219
564,MAR,2015-12-30,365 days 00:00:00.000000000,56.85,,2017-03-29,
565,MAR,2016-12-29,365 days 00:00:00.000000000,80.95,106.69,2018-03-29,0.27435514815604345
566,MXIM,2008-01-01,365 days 00:00:00.000000000,11.16,,2009-03-31,
567,MXIM,2008-12-31,365 days 00:00:00.000000000,8.76,12.68,2010-03-31,0.36567164179104483
568,MXIM,2009-12-31,365 days 00:00:00.000000000,12.43,13.53,2011-03-31,0.08474576271186438
569,MXIM,2010-12-31,365 days 00:00:00.000000000,19.18,17.66,2012-03-30,-0.0825190010857763
570,MXIM,2011-12-31,365 days 00:00:00.000000000,20.75,20.82,2013-03-30,0.0033678133269184644
571,MXIM,2012-12-30,365 days 00:00:00.000000000,25.05,24.11,2014-03-30,-0.03824247355573643
572,MXIM,2013-12-30,365 days 00:00:00.000000000,24.51,25.3,2015-03-30,0.03172053804456933
573,MXIM,2014-12-30,365 days 00:00:00.000000000,28.02,28.93,2016-03-29,0.03195785776997367
574,MXIM,2015-12-30,365 days 00:00:00.000000000,29.05,35.76,2017-03-29,0.20706681067736452
575,MXIM,2016-12-29,365 days 00:00:00.000000000,40.39,44.06,2018-03-29,0.086915334517466
576,MELI,2008-01-01,365 days 00:00:00.000000000,37.31,15.9,2009-03-31,-0.8047359518887428
577,MELI,2008-12-31,365 days 00:00:00.000000000,12.8,50.26,2010-03-31,1.1880748493498252
578,MELI,2009-12-31,365 days 00:00:00.000000000,37.32,64.57,2011-03-31,0.534890568259888
579,MELI,2010-12-31,365 days 00:00:00.000000000,66.49,,2012-03-30,
580,MELI,2011-12-31,365 days 00:00:00.000000000,85.65,,2013-03-30,
581,MELI,2012-12-30,365 days 00:00:00.000000000,85.87,,2014-03-30,
582,MELI,2013-12-30,365 days 00:00:00.000000000,94.3,,2015-03-30,
583,MELI,2014-12-30,365 days 00:00:00.000000000,122.8,,2016-03-29,
584,MELI,2015-12-30,365 days 00:00:00.000000000,97.08,,2017-03-29,
585,MELI,2016-12-29,365 days 00:00:00.000000000,184.8,,2018-03-29,
586,MCHP,2008-01-01,365 days 00:00:00.000000000,21.08,20.04,2009-03-31,-0.0505836575875486
587,MCHP,2008-12-31,365 days 00:00:00.000000000,12.97,19.22,2010-03-31,0.38831935383659516
588,MCHP,2009-12-31,365 days 00:00:00.000000000,19.1,23.97,2011-03-31,0.2261434873461805
589,MCHP,2010-12-31,365 days 00:00:00.000000000,28.58,28.67,2012-03-30,0.003144104803493569
590,MCHP,2011-12-31,365 days 00:00:00.000000000,29.92,27.01,2013-03-30,-0.10223080976637976
591,MCHP,2012-12-30,365 days 00:00:00.000000000,28.32,34.59,2014-03-30,0.19933237958989042
592,MCHP,2013-12-30,365 days 00:00:00.000000000,38.91,41.84,2015-03-30,0.07256965944272463
593,MCHP,2014-12-30,365 days 00:00:00.000000000,40.35,,2016-03-29,
594,MCHP,2015-12-30,365 days 00:00:00.000000000,40.93,58.47,2017-03-29,0.35291750503018104
595,MCHP,2016-12-29,365 days 00:00:00.000000000,64.06,86.14,2018-03-29,0.29400798934753664
596,MU,2008-01-01,365 days 00:00:00.000000000,7.12,2.64,2009-03-31,-0.918032786885246
597,MU,2008-12-31,365 days 00:00:00.000000000,3.76,10.56,2010-03-31,0.9497206703910616
598,MU,2009-12-31,365 days 00:00:00.000000000,8.84,8.02,2011-03-31,-0.0972716488730724
599,MU,2010-12-31,365 days 00:00:00.000000000,10.67,6.29,2012-03-30,-0.5165094339622641
600,MU,2011-12-31,365 days 00:00:00.000000000,7.74,6.34,2013-03-30,-0.1988636363636364
601,MU,2012-12-30,365 days 00:00:00.000000000,7.65,21.75,2014-03-30,0.9591836734693878
602,MU,2013-12-30,365 days 00:00:00.000000000,23.0,35.01,2015-03-30,0.4140665402516807
603,MU,2014-12-30,365 days 00:00:00.000000000,29.25,14.16,2016-03-29,-0.6952315134761576
604,MU,2015-12-30,365 days 00:00:00.000000000,11.0,21.92,2017-03-29,0.6634264884568652
605,MU,2016-12-29,365 days 00:00:00.000000000,24.43,41.12,2018-03-29,0.5092295957284515
606,MSFT,2008-01-01,365 days 00:00:00.000000000,23.39,20.33,2009-03-31,-0.13998170173833496
607,MSFT,2008-12-31,365 days 00:00:00.000000000,13.06,20.1,2010-03-31,0.42460796139927626
608,MSFT,2009-12-31,365 days 00:00:00.000000000,22.28,19.5,2011-03-31,-0.13307802776448066
609,MSFT,2010-12-31,365 days 00:00:00.000000000,22.28,20.32,2012-03-30,-0.09201877934272304
610,MSFT,2011-12-31,365 days 00:00:00.000000000,24.51,24.97,2013-03-30,0.01859337105901363
611,MSFT,2012-12-30,365 days 00:00:00.000000000,23.4,28.78,2014-03-30,0.20620927558451524
612,MSFT,2013-12-30,365 days 00:00:00.000000000,32.89,41.25,2015-03-30,0.22551928783382788
613,MSFT,2014-12-30,365 days 00:00:00.000000000,36.34,40.43,2016-03-29,0.10655203855672778
614,MSFT,2015-12-30,365 days 00:00:00.000000000,50.47,54.06,2017-03-29,0.06868841480914577
615,MSFT,2016-12-29,365 days 00:00:00.000000000,60.82,71.6,2018-03-29,0.16281528470019627
616,MDLZ,2008-01-01,365 days 00:00:00.000000000,14.28,,2009-03-31,
617,MDLZ,2008-12-31,365 days 00:00:00.000000000,13.96,,2010-03-31,
618,MDLZ,2009-12-31,365 days 00:00:00.000000000,14.7,,2011-03-31,
619,MDLZ,2010-12-31,365 days 00:00:00.000000000,16.83,,2012-03-30,
620,MDLZ,2011-12-31,365 days 00:00:00.000000000,21.86,,2013-03-30,
621,MDLZ,2012-12-30,365 days 00:00:00.000000000,24.5,,2014-03-30,
622,MDLZ,2013-12-30,365 days 00:00:00.000000000,29.33,,2015-03-30,
623,MDLZ,2014-12-30,365 days 00:00:00.000000000,32.03,,2016-03-29,
624,MDLZ,2015-12-30,365 days 00:00:00.000000000,39.53,,2017-03-29,
625,MDLZ,2016-12-29,365 days 00:00:00.000000000,41.49,,2018-03-29,
626,MNST,2008-01-01,365 days 00:00:00.000000000,6.52,5.59,2009-03-31,-0.15359207266721714
627,MNST,2008-12-31,365 days 00:00:00.000000000,5.5,6.4,2010-03-31,0.15126050420168072
628,MNST,2009-12-31,365 days 00:00:00.000000000,6.44,8.71,2011-03-31,0.2996699669966997
629,MNST,2010-12-31,365 days 00:00:00.000000000,9.49,15.36,2012-03-30,0.47243460764587514
630,MNST,2011-12-31,365 days 00:00:00.000000000,17.59,17.35,2013-03-30,-0.013737836290784114
631,MNST,2012-12-30,365 days 00:00:00.000000000,16.13,22.59,2014-03-30,0.33367768595041325
632,MNST,2013-12-30,365 days 00:00:00.000000000,22.7,36.12,2015-03-30,0.4563073784427066
633,MNST,2014-12-30,365 days 00:00:00.000000000,38.93,49.65,2016-03-29,0.24204109279747119
634,MNST,2015-12-30,365 days 00:00:00.000000000,45.75,,2017-03-29,
635,MNST,2016-12-29,365 days 00:00:00.000000000,42.52,63.29,2018-03-29,0.39259049239202337
636,NTAP,2008-01-01,365 days 00:00:00.000000000,20.23,12.09,2009-03-31,-0.5037128712871287
637,NTAP,2008-12-31,365 days 00:00:00.000000000,12.78,29.74,2010-03-31,0.7977422389463783
638,NTAP,2009-12-31,365 days 00:00:00.000000000,25.19,47.57,2011-03-31,0.6151731720725673
639,NTAP,2010-12-31,365 days 00:00:00.000000000,47.78,31.39,2012-03-30,-0.414045724390552
640,NTAP,2011-12-31,365 days 00:00:00.000000000,32.91,29.04,2013-03-30,-0.12493946731234859
641,NTAP,2012-12-30,365 days 00:00:00.000000000,31.54,,2014-03-30,
642,NTAP,2013-12-30,365 days 00:00:00.000000000,,37.93,2015-03-30,
643,NTAP,2014-12-30,365 days 00:00:00.000000000,,26.63,2016-03-29,
644,NTAP,2015-12-30,365 days 00:00:00.000000000,,33.11,2017-03-29,
645,NTAP,2016-12-29,365 days 00:00:00.000000000,,41.29,2018-03-29,
646,NTES,2008-01-01,365 days 00:00:00.000000000,15.76,19.07,2009-03-31,0.19006603502727537
647,NTES,2008-12-31,365 days 00:00:00.000000000,16.27,32.47,2010-03-31,0.6647517439474765
648,NTES,2009-12-31,365 days 00:00:00.000000000,28.22,31.2,2011-03-31,0.10030292830696737
649,NTES,2010-12-31,365 days 00:00:00.000000000,35.22,38.7,2012-03-30,0.09415584415584426
650,NTES,2011-12-31,365 days 00:00:00.000000000,41.43,36.7,2013-03-30,-0.12108025086394464
651,NTES,2012-12-30,365 days 00:00:00.000000000,,63.4,2014-03-30,
652,NTES,2013-12-30,365 days 00:00:00.000000000,66.63,77.85,2015-03-30,0.1553156146179402
653,NTES,2014-12-30,365 days 00:00:00.000000000,99.9,110.66,2016-03-29,0.10220364741641329
654,NTES,2015-12-30,365 days 00:00:00.000000000,144.58,226.21,2017-03-29,0.440303136546293
655,NTES,2016-12-29,365 days 00:00:00.000000000,242.53,252.06,2018-03-29,0.03853697001556845
656,NFLX,2008-01-01,365 days 00:00:00.000000000,3.54,4.27,2009-03-31,0.18693982074263754
657,NFLX,2008-12-31,365 days 00:00:00.000000000,5.08,7.87,2010-03-31,0.4308880308880309
658,NFLX,2009-12-31,365 days 00:00:00.000000000,8.83,25.1,2011-03-31,0.9590333038608903
659,NFLX,2010-12-31,365 days 00:00:00.000000000,30.66,9.9,2012-03-30,-1.0236686390532543
660,NFLX,2011-12-31,365 days 00:00:00.000000000,17.34,13.23,2013-03-30,-0.26889106967615306
661,NFLX,2012-12-30,365 days 00:00:00.000000000,24.29,52.6,2014-03-30,0.7363766419560411
662,NFLX,2013-12-30,365 days 00:00:00.000000000,58.84,48.8,2015-03-30,-0.18654775176514318
663,NFLX,2014-12-30,365 days 00:00:00.000000000,62.84,123.33,2016-03-29,0.6498361712413384
664,NFLX,2015-12-30,365 days 00:00:00.000000000,91.79,123.8,2017-03-29,0.29695254881951844
665,NFLX,2016-12-29,365 days 00:00:00.000000000,141.2,191.96,2018-03-29,0.30471845359587
666,NVDA,2008-01-01,365 days 00:00:00.000000000,22.59,7.43,2009-03-31,-1.0099933377748167
667,NVDA,2008-12-31,365 days 00:00:00.000000000,7.21,17.19,2010-03-31,0.8180327868852458
668,NVDA,2009-12-31,365 days 00:00:00.000000000,14.22,14.17,2011-03-31,-0.0035223670306446433
669,NVDA,2010-12-31,365 days 00:00:00.000000000,22.21,12.76,2012-03-30,-0.5404632542179011
670,NVDA,2011-12-31,365 days 00:00:00.000000000,13.75,,2013-03-30,
671,NVDA,2012-12-30,365 days 00:00:00.000000000,11.45,14.65,2014-03-30,0.24521072796934873
672,NVDA,2013-12-30,365 days 00:00:00.000000000,14.97,17.7,2015-03-30,0.16712580348943976
673,NVDA,2014-12-30,365 days 00:00:00.000000000,18.61,24.05,2016-03-29,0.25503984997655893
674,NVDA,2015-12-30,365 days 00:00:00.000000000,28.66,67.66,2017-03-29,0.8098006644518273
675,NVDA,2016-12-29,365 days 00:00:00.000000000,109.35,177.35,2018-03-29,0.47436344611091735
676,NXPI,2009-12-31,365 days 00:00:00.000000000,10.84,20.48,2011-03-31,0.6155810983397191
677,NXPI,2010-12-31,365 days 00:00:00.000000000,25.91,15.04,2012-03-30,-0.5308913308913309
678,NXPI,2011-12-31,365 days 00:00:00.000000000,21.14,25.75,2013-03-30,0.19663041160162079
679,NXPI,2012-12-30,365 days 00:00:00.000000000,29.65,44.94,2014-03-30,0.4099745274165437
680,NXPI,2013-12-30,365 days 00:00:00.000000000,47.59,74.76,2015-03-30,0.44413567633837353
681,NXPI,2014-12-30,365 days 00:00:00.000000000,78.21,82.44,2016-03-29,0.052661064425770364
682,NXPI,2015-12-30,365 days 00:00:00.000000000,72.35,95.91,2017-03-29,0.2800427909188162
683,NXPI,2016-12-29,365 days 00:00:00.000000000,96.28,114.58,2018-03-29,0.17357488380916244
684,ORLY,2008-01-01,365 days 00:00:00.000000000,30.0,30.74,2009-03-31,0.024366150806717106
685,ORLY,2008-12-31,365 days 00:00:00.000000000,28.82,38.12,2010-03-31,0.27786077083955774
686,ORLY,2009-12-31,365 days 00:00:00.000000000,38.05,60.42,2011-03-31,0.4543515791611659
687,ORLY,2010-12-31,365 days 00:00:00.000000000,57.31,79.95,2012-03-30,0.3298848899898004
688,ORLY,2011-12-31,365 days 00:00:00.000000000,81.53,89.42,2013-03-30,0.09230769230769233
689,ORLY,2012-12-30,365 days 00:00:00.000000000,92.86,128.71,2014-03-30,0.32359976531118845
690,ORLY,2013-12-30,365 days 00:00:00.000000000,133.39,192.62,2015-03-30,0.3633630870218706
691,ORLY,2014-12-30,365 days 00:00:00.000000000,187.7,253.42,2016-03-29,0.2979688066739209
692,ORLY,2015-12-30,365 days 00:00:00.000000000,260.32,278.41,2017-03-29,0.06715794553858159
693,ORLY,2016-12-29,365 days 00:00:00.000000000,262.19,240.54,2018-03-29,-0.08612973166510852
694,PCAR,2008-01-01,365 days 00:00:00.000000000,32.92,26.23,2009-03-31,-0.22620456466610314
695,PCAR,2008-12-31,365 days 00:00:00.000000000,17.72,26.55,2010-03-31,0.39891574429636334
696,PCAR,2009-12-31,365 days 00:00:00.000000000,25.51,34.2,2011-03-31,0.2910735220231117
697,PCAR,2010-12-31,365 days 00:00:00.000000000,39.35,24.43,2012-03-30,-0.46785826277830045
698,PCAR,2011-12-31,365 days 00:00:00.000000000,33.41,30.02,2013-03-30,-0.10688948447107038
699,PCAR,2012-12-30,365 days 00:00:00.000000000,36.45,43.19,2014-03-30,0.16926167754897023
700,PCAR,2013-12-30,365 days 00:00:00.000000000,44.04,45.47,2015-03-30,0.031951737236063
701,PCAR,2014-12-30,365 days 00:00:00.000000000,49.18,42.92,2016-03-29,-0.1359391965255157
702,PCAR,2015-12-30,365 days 00:00:00.000000000,41.26,50.71,2017-03-29,0.20550179406328156
703,PCAR,2016-12-29,365 days 00:00:00.000000000,59.12,63.94,2018-03-29,0.07833577116853567
704,PAYX,2008-01-01,365 days 00:00:00.000000000,,21.68,2009-03-31,
705,PAYX,2008-12-31,365 days 00:00:00.000000000,,19.99,2010-03-31,
706,PAYX,2009-12-31,365 days 00:00:00.000000000,,19.75,2011-03-31,
707,PAYX,2010-12-31,365 days 00:00:00.000000000,,19.73,2012-03-30,
708,PAYX,2011-12-31,365 days 00:00:00.000000000,,25.95,2013-03-30,
709,PAYX,2012-12-30,365 days 00:00:00.000000000,26.3,,2014-03-30,
710,PAYX,2013-12-30,365 days 00:00:00.000000000,,37.06,2015-03-30,
711,PAYX,2014-12-30,365 days 00:00:00.000000000,,41.29,2016-03-29,
712,PAYX,2015-12-30,365 days 00:00:00.000000000,,51.84,2017-03-29,
713,PAYX,2016-12-29,365 days 00:00:00.000000000,,55.46,2018-03-29,
714,PYPL,2014-12-30,365 days 00:00:00.000000000,39.25,36.2,2016-03-29,-0.08084824387011258
715,PYPL,2015-12-30,365 days 00:00:00.000000000,35.65,39.47,2017-03-29,0.10170394036208733
716,PYPL,2016-12-29,365 days 00:00:00.000000000,39.96,73.62,2018-03-29,0.5927099841521395
717,PEP,2008-01-01,365 days 00:00:00.000000000,47.34,,2009-03-31,
718,PEP,2008-12-31,365 days 00:00:00.000000000,35.37,,2010-03-31,
719,PEP,2009-12-31,365 days 00:00:00.000000000,43.98,,2011-03-31,
720,PEP,2010-12-31,365 days 00:00:00.000000000,49.15,48.24,2012-03-30,-0.018687750282369783
721,PEP,2011-12-31,365 days 00:00:00.000000000,51.84,,2013-03-30,
722,PEP,2012-12-30,365 days 00:00:00.000000000,59.23,,2014-03-30,
723,PEP,2013-12-30,365 days 00:00:00.000000000,66.97,,2015-03-30,
724,PEP,2014-12-30,365 days 00:00:00.000000000,80.47,,2016-03-29,
725,PEP,2015-12-30,365 days 00:00:00.000000000,86.93,98.07,2017-03-29,0.12043243243243229
726,PEP,2016-12-29,365 days 00:00:00.000000000,94.11,103.32,2018-03-29,0.09329889074608716
727,QCOM,2008-01-01,365 days 00:00:00.000000000,31.05,31.87,2009-03-31,0.026064844246662437
728,QCOM,2008-12-31,365 days 00:00:00.000000000,25.46,33.93,2010-03-31,0.2852332042431385
729,QCOM,2009-12-31,365 days 00:00:00.000000000,29.72,34.68,2011-03-31,0.15403726708074536
730,QCOM,2010-12-31,365 days 00:00:00.000000000,41.9,37.96,2012-03-30,-0.09867267718507382
731,QCOM,2011-12-31,365 days 00:00:00.000000000,46.61,,2013-03-30,
732,QCOM,2012-12-30,365 days 00:00:00.000000000,52.86,54.37,2014-03-30,0.028163760141751343
733,QCOM,2013-12-30,365 days 00:00:00.000000000,59.78,61.62,2015-03-30,0.03031301482701806
734,QCOM,2014-12-30,365 days 00:00:00.000000000,51.8,45.49,2016-03-29,-0.12971528420187062
735,QCOM,2015-12-30,365 days 00:00:00.000000000,38.23,60.19,2017-03-29,0.4462507620402358
736,QCOM,2016-12-29,365 days 00:00:00.000000000,47.5,47.31,2018-03-29,-0.00400801603206408
737,REGN,2008-01-01,365 days 00:00:00.000000000,20.32,18.36,2009-03-31,-0.10134436401240957
738,REGN,2008-12-31,365 days 00:00:00.000000000,17.18,24.18,2010-03-31,0.33849129593810445
739,REGN,2009-12-31,365 days 00:00:00.000000000,26.7,32.83,2011-03-31,0.20594658155551818
740,REGN,2010-12-31,365 days 00:00:00.000000000,33.69,55.43,2012-03-30,0.4878815080789946
741,REGN,2011-12-31,365 days 00:00:00.000000000,90.46,171.07,2013-03-30,0.6164493557144497
742,REGN,2012-12-30,365 days 00:00:00.000000000,175.14,275.24,2014-03-30,0.44451352191482757
743,REGN,2013-12-30,365 days 00:00:00.000000000,288.91,410.25,2015-03-30,0.34710223697007825
744,REGN,2014-12-30,365 days 00:00:00.000000000,419.79,542.87,2016-03-29,0.2557081420231441
745,REGN,2015-12-30,365 days 00:00:00.000000000,417.19,367.09,2017-03-29,-0.12776049370122922
746,REGN,2016-12-29,365 days 00:00:00.000000000,358.74,375.96,2018-03-29,0.04687627603103299
747,ROST,2008-01-01,365 days 00:00:00.000000000,6.39,,2009-03-31,
748,ROST,2008-12-31,365 days 00:00:00.000000000,6.55,,2010-03-31,
749,ROST,2009-12-31,365 days 00:00:00.000000000,10.41,12.42,2011-03-31,0.17608409986859394
750,ROST,2010-12-31,365 days 00:00:00.000000000,14.9,18.07,2012-03-30,0.19229602669093115
751,ROST,2011-12-31,365 days 00:00:00.000000000,23.49,29.95,2013-03-30,0.2417664670658683
752,ROST,2012-12-30,365 days 00:00:00.000000000,27.97,,2014-03-30,
753,ROST,2013-12-30,365 days 00:00:00.000000000,31.94,,2015-03-30,
754,ROST,2014-12-30,365 days 00:00:00.000000000,43.68,46.24,2016-03-29,0.05693950177935948
755,ROST,2015-12-30,365 days 00:00:00.000000000,53.92,62.06,2017-03-29,0.14036902914295568
756,ROST,2016-12-29,365 days 00:00:00.000000000,63.85,,2018-03-29,
757,SGEN,2008-01-01,365 days 00:00:00.000000000,9.18,8.94,2009-03-31,-0.02649006622516559
758,SGEN,2008-12-31,365 days 00:00:00.000000000,9.93,10.16,2010-03-31,0.02289696366351423
759,SGEN,2009-12-31,365 days 00:00:00.000000000,10.35,14.95,2011-03-31,0.36363636363636365
760,SGEN,2010-12-31,365 days 00:00:00.000000000,16.47,16.72,2012-03-30,0.015064778547755349
761,SGEN,2011-12-31,365 days 00:00:00.000000000,19.04,23.17,2013-03-30,0.19568822553897192
762,SGEN,2012-12-30,365 days 00:00:00.000000000,29.55,39.89,2014-03-30,0.29781105990783413
763,SGEN,2013-12-30,365 days 00:00:00.000000000,44.76,32.13,2015-03-30,-0.3285212641435816
764,SGEN,2014-12-30,365 days 00:00:00.000000000,31.16,44.88,2016-03-29,0.3608627038400842
765,SGEN,2015-12-30,365 days 00:00:00.000000000,32.61,52.77,2017-03-29,0.47224174279690806
766,SGEN,2016-12-29,365 days 00:00:00.000000000,60.3,53.5,2018-03-29,-0.11950790861159925
767,SIRI,2008-01-01,365 days 00:00:00.000000000,3.077,0.1147,2009-03-31,-1.856252154024501
768,SIRI,2008-12-31,365 days 00:00:00.000000000,0.1147,0.5733,2010-03-31,1.333139534883721
769,SIRI,2009-12-31,365 days 00:00:00.000000000,0.8218,1.5576,2011-03-31,0.618475245860301
770,SIRI,2010-12-31,365 days 00:00:00.000000000,1.548,,2012-03-30,
771,SIRI,2011-12-31,365 days 00:00:00.000000000,2.0067,2.7616,2013-03-30,0.31663276220036496
772,SIRI,2012-12-30,365 days 00:00:00.000000000,3.0849,3.3963,2014-03-30,0.09609331605258283
773,SIRI,2013-12-30,365 days 00:00:00.000000000,3.4936,3.2892,2015-03-30,-0.060270094946039895
774,SIRI,2014-12-30,365 days 00:00:00.000000000,3.4644,3.9607,2016-03-29,0.13368170125654877
775,SIRI,2015-12-30,365 days 00:00:00.000000000,3.5909,,2017-03-29,
776,SIRI,2016-12-29,365 days 00:00:00.000000000,4.6239,5.4168,2018-03-29,0.1579371956138517
777,SWKS,2008-01-01,365 days 00:00:00.000000000,7.44,5.09,2009-03-31,-0.37509976057462097
778,SWKS,2008-12-31,365 days 00:00:00.000000000,3.88,13.04,2010-03-31,1.0827423167848702
779,SWKS,2009-12-31,365 days 00:00:00.000000000,11.64,26.31,2011-03-31,0.7731225296442686
780,SWKS,2010-12-31,365 days 00:00:00.000000000,29.51,14.91,2012-03-30,-0.6573615488518686
781,SWKS,2011-12-31,365 days 00:00:00.000000000,19.99,18.66,2013-03-30,-0.06882276843467003
782,SWKS,2012-12-30,365 days 00:00:00.000000000,22.3,26.25,2014-03-30,0.16271884654994848
783,SWKS,2013-12-30,365 days 00:00:00.000000000,27.71,53.78,2015-03-30,0.6398331083568536
784,SWKS,2014-12-30,365 days 00:00:00.000000000,76.88,78.38,2016-03-29,0.01932242689681824
785,SWKS,2015-12-30,365 days 00:00:00.000000000,63.68,72.02,2017-03-29,0.12291820191599111
786,SWKS,2016-12-29,365 days 00:00:00.000000000,,97.62,2018-03-29,
787,SPLK,2011-12-31,365 days 00:00:00.000000000,34.29,29.02,2013-03-30,-0.166482388248302
788,SPLK,2012-12-30,365 days 00:00:00.000000000,33.27,68.67,2014-03-30,0.694526191877575
789,SPLK,2013-12-30,365 days 00:00:00.000000000,76.74,58.95,2015-03-30,-0.2622153437983638
790,SPLK,2014-12-30,365 days 00:00:00.000000000,52.08,58.81,2016-03-29,0.12138154928307339
791,SPLK,2015-12-30,365 days 00:00:00.000000000,46.23,51.15,2017-03-29,0.1010474430067776
792,SPLK,2016-12-29,365 days 00:00:00.000000000,58.01,82.84,2018-03-29,0.3525736599219028
793,SBUX,2008-01-01,365 days 00:00:00.000000000,8.05,4.02,2009-03-31,-0.6677713338856671
794,SBUX,2008-12-31,365 days 00:00:00.000000000,3.93,9.79,2010-03-31,0.8542274052478134
795,SBUX,2009-12-31,365 days 00:00:00.000000000,9.34,12.24,2011-03-31,0.2687673772011122
796,SBUX,2010-12-31,365 days 00:00:00.000000000,13.67,16.23,2012-03-30,0.17123745819397998
797,SBUX,2011-12-31,365 days 00:00:00.000000000,21.12,22.39,2013-03-30,0.058377384509308176
798,SBUX,2012-12-30,365 days 00:00:00.000000000,25.08,34.46,2014-03-30,0.3150822976150488
799,SBUX,2013-12-30,365 days 00:00:00.000000000,31.89,34.26,2015-03-30,0.07165532879818585
800,SBUX,2014-12-30,365 days 00:00:00.000000000,39.98,,2016-03-29,
801,SBUX,2015-12-30,365 days 00:00:00.000000000,56.03,50.52,2017-03-29,-0.10342562177381506
802,SBUX,2016-12-29,365 days 00:00:00.000000000,52.02,51.02,2018-03-29,-0.019409937888198756
803,SNPS,2008-01-01,365 days 00:00:00.000000000,22.07,18.52,2009-03-31,-0.174919931017492
804,SNPS,2008-12-31,365 days 00:00:00.000000000,18.35,22.28,2010-03-31,0.19345311346295838
805,SNPS,2009-12-31,365 days 00:00:00.000000000,21.37,26.91,2011-03-31,0.22949461474730734
806,SNPS,2010-12-31,365 days 00:00:00.000000000,27.36,27.2,2012-03-30,-0.005865102639296193
807,SNPS,2011-12-31,365 days 00:00:00.000000000,29.39,31.84,2013-03-30,0.08002613098154497
808,SNPS,2012-12-30,365 days 00:00:00.000000000,33.52,40.57,2014-03-30,0.1903090835470373
809,SNPS,2013-12-30,365 days 00:00:00.000000000,39.8,43.47,2015-03-30,0.08814699171370245
810,SNPS,2014-12-30,365 days 00:00:00.000000000,43.02,45.61,2016-03-29,0.05844522170822512
811,SNPS,2015-12-30,365 days 00:00:00.000000000,42.62,58.86,2017-03-29,0.3200630666141112
812,SNPS,2016-12-29,365 days 00:00:00.000000000,63.06,85.24,2018-03-29,0.2991233985165204
813,TMUS,2008-01-01,365 days 00:00:00.000000000,29.68,24.15,2009-03-31,-0.2054616384915475
814,TMUS,2008-12-31,365 days 00:00:00.000000000,21.78,12.41,2010-03-31,-0.5481134834747003
815,TMUS,2009-12-31,365 days 00:00:00.000000000,9.2,20.54,2011-03-31,0.7626092804303968
816,TMUS,2010-12-31,365 days 00:00:00.000000000,21.27,14.12,2012-03-30,-0.40406894602995197
817,TMUS,2011-12-31,365 days 00:00:00.000000000,14.49,16.17,2013-03-30,0.1095890410958905
818,TMUS,2012-12-30,365 days 00:00:00.000000000,16.43,25.53,2014-03-30,0.4337464251668256
819,TMUS,2013-12-30,365 days 00:00:00.000000000,29.88,26.44,2015-03-30,-0.12215909090909083
820,TMUS,2014-12-30,365 days 00:00:00.000000000,29.98,,2016-03-29,
821,TMUS,2015-12-30,365 days 00:00:00.000000000,40.04,57.51,2017-03-29,0.35817529472065607
822,TMUS,2016-12-29,365 days 00:00:00.000000000,62.26,63.51,2018-03-29,0.019877554265723147
823,TTWO,2008-01-01,365 days 00:00:00.000000000,16.39,12.15,2009-03-31,-0.29712683952347585
824,TTWO,2008-12-31,365 days 00:00:00.000000000,6.97,10.05,2010-03-31,0.3619271445358403
825,TTWO,2009-12-31,365 days 00:00:00.000000000,9.29,12.27,2011-03-31,0.27643784786641934
826,TTWO,2010-12-31,365 days 00:00:00.000000000,12.65,13.55,2012-03-30,0.0687022900763359
827,TTWO,2011-12-31,365 days 00:00:00.000000000,15.6,11.01,2013-03-30,-0.34498308906426156
828,TTWO,2012-12-30,365 days 00:00:00.000000000,12.18,17.37,2014-03-30,0.351269035532995
829,TTWO,2013-12-30,365 days 00:00:00.000000000,19.49,28.03,2015-03-30,0.3594276094276096
830,TTWO,2014-12-30,365 days 00:00:00.000000000,29.77,34.84,2016-03-29,0.1569416498993965
831,TTWO,2015-12-30,365 days 00:00:00.000000000,34.58,49.29,2017-03-29,0.3507809705496602
832,TTWO,2016-12-29,365 days 00:00:00.000000000,53.66,109.78,2018-03-29,0.6867351933431229
833,TSLA,2009-12-31,365 days 00:00:00.000000000,25.0,26.63,2011-03-31,0.06314158435018397
834,TSLA,2010-12-31,365 days 00:00:00.000000000,24.31,28.56,2012-03-30,0.1607717041800643
835,TSLA,2011-12-31,365 days 00:00:00.000000000,29.07,33.87,2013-03-30,0.15252621544327924
836,TSLA,2012-12-30,365 days 00:00:00.000000000,38.17,150.43,2014-03-30,1.1904559915164368
837,TSLA,2013-12-30,365 days 00:00:00.000000000,182.89,222.41,2015-03-30,0.19501603750308422
838,TSLA,2014-12-30,365 days 00:00:00.000000000,203.97,240.01,2016-03-29,0.16234965538988239
839,TSLA,2015-12-30,365 days 00:00:00.000000000,188.76,213.69,2017-03-29,0.12389116660454719
840,TSLA,2016-12-29,365 days 00:00:00.000000000,253.05,311.35,2018-03-29,0.20659107016300496
841,TXN,2008-01-01,365 days 00:00:00.000000000,,16.1,2009-03-31,
842,TXN,2008-12-31,365 days 00:00:00.000000000,,18.16,2010-03-31,
843,TXN,2009-12-31,365 days 00:00:00.000000000,,21.21,2011-03-31,
844,TXN,2010-12-31,365 days 00:00:00.000000000,,21.17,2012-03-30,
845,TXN,2011-12-31,365 days 00:00:00.000000000,,22.39,2013-03-30,
846,TXN,2012-12-30,365 days 00:00:00.000000000,,33.93,2014-03-30,
847,TXN,2013-12-30,365 days 00:00:00.000000000,,41.27,2015-03-30,
848,TXN,2014-12-30,365 days 00:00:00.000000000,,43.99,2016-03-29,
849,TXN,2015-12-30,365 days 00:00:00.000000000,,63.96,2017-03-29,
850,TXN,2016-12-29,365 days 00:00:00.000000000,,83.84,2018-03-29,
851,TCOM,2008-01-01,365 days 00:00:00.000000000,11.56,5.82,2009-03-31,-0.6605293440736478
852,TCOM,2008-12-31,365 days 00:00:00.000000000,5.25,17.97,2010-03-31,1.0956072351421189
853,TCOM,2009-12-31,365 days 00:00:00.000000000,,21.89,2011-03-31,
854,TCOM,2010-12-31,365 days 00:00:00.000000000,20.66,11.7,2012-03-30,-0.5537700865265761
855,TCOM,2011-12-31,365 days 00:00:00.000000000,12.62,11.33,2013-03-30,-0.10772442588726507
856,TCOM,2012-12-30,365 days 00:00:00.000000000,10.95,24.81,2014-03-30,0.7751677852348994
857,TCOM,2013-12-30,365 days 00:00:00.000000000,19.75,22.75,2015-03-30,0.1411764705882353
858,TCOM,2014-12-30,365 days 00:00:00.000000000,23.87,46.33,2016-03-29,0.6398860398860398
859,TCOM,2015-12-30,365 days 00:00:00.000000000,42.68,40.0,2017-03-29,-0.06482825350749878
860,TCOM,2016-12-29,365 days 00:00:00.000000000,43.59,44.1,2018-03-29,0.011631885049606524
861,ULTA,2008-01-01,365 days 00:00:00.000000000,15.38,8.19,2009-03-31,-0.6100975816716165
862,ULTA,2008-12-31,365 days 00:00:00.000000000,5.69,17.96,2010-03-31,1.0376321353065538
863,ULTA,2009-12-31,365 days 00:00:00.000000000,19.27,33.62,2011-03-31,0.5426356589147286
864,ULTA,2010-12-31,365 days 00:00:00.000000000,36.69,64.2,2012-03-30,0.5453464168896819
865,ULTA,2011-12-31,365 days 00:00:00.000000000,75.69,100.28,2013-03-30,0.2794794567255783
866,ULTA,2012-12-30,365 days 00:00:00.000000000,98.73,96.52,2014-03-30,-0.02263764404609483
867,ULTA,2013-12-30,365 days 00:00:00.000000000,85.75,127.84,2015-03-30,0.39411957488646476
868,ULTA,2014-12-30,365 days 00:00:00.000000000,132.08,185.0,2016-03-29,0.3337958874731928
869,ULTA,2015-12-30,365 days 00:00:00.000000000,179.92,254.94,2017-03-29,0.3450305845559491
870,ULTA,2016-12-29,365 days 00:00:00.000000000,272.38,223.66,2018-03-29,-0.19643577130876544
871,UAL,2008-01-01,365 days 00:00:00.000000000,,11.25,2009-03-31,
872,UAL,2008-12-31,365 days 00:00:00.000000000,9.46,12.91,2010-03-31,0.30844881537773794
873,UAL,2009-12-31,365 days 00:00:00.000000000,12.35,23.82,2011-03-31,0.6342272601603539
874,UAL,2010-12-31,365 days 00:00:00.000000000,25.46,18.87,2012-03-30,-0.2973155876381683
875,UAL,2011-12-31,365 days 00:00:00.000000000,23.15,23.38,2013-03-30,0.009886094992477988
876,UAL,2012-12-30,365 days 00:00:00.000000000,24.27,37.83,2014-03-30,0.43671497584541064
877,UAL,2013-12-30,365 days 00:00:00.000000000,45.91,66.89,2015-03-30,0.37198581560283694
878,UAL,2014-12-30,365 days 00:00:00.000000000,69.08,57.3,2016-03-29,-0.18642190219971516
879,UAL,2015-12-30,365 days 00:00:00.000000000,47.71,75.17,2017-03-29,0.4469401041666667
880,UAL,2016-12-29,365 days 00:00:00.000000000,70.95,67.4,2018-03-29,-0.05131911817853266
881,VRSN,2008-01-01,365 days 00:00:00.000000000,28.68,16.2,2009-03-31,-0.556149732620321
882,VRSN,2008-12-31,365 days 00:00:00.000000000,15.56,20.58,2010-03-31,0.2778085224128388
883,VRSN,2009-12-31,365 days 00:00:00.000000000,19.45,27.74,2011-03-31,0.35134562407289677
884,VRSN,2010-12-31,365 days 00:00:00.000000000,31.11,33.58,2012-03-30,0.07636419848508266
885,VRSN,2011-12-31,365 days 00:00:00.000000000,37.08,38.82,2013-03-30,0.04584980237154155
886,VRSN,2012-12-30,365 days 00:00:00.000000000,43.6,59.78,2014-03-30,0.3130199264848133
887,VRSN,2013-12-30,365 days 00:00:00.000000000,58.4,57.0,2015-03-30,-0.02426343154246098
888,VRSN,2014-12-30,365 days 00:00:00.000000000,54.47,87.36,2016-03-29,0.463794683776352
889,VRSN,2015-12-30,365 days 00:00:00.000000000,75.03,76.07,2017-03-29,0.013765718067504859
890,VRSN,2016-12-29,365 days 00:00:00.000000000,80.09,114.44,2018-03-29,0.3531588958001336
891,VRSK,2008-12-31,365 days 00:00:00.000000000,27.14,30.02,2010-03-31,0.10076976906927919
892,VRSK,2009-12-31,365 days 00:00:00.000000000,27.96,33.78,2011-03-31,0.18853255587949466
893,VRSK,2010-12-31,365 days 00:00:00.000000000,33.75,39.78,2012-03-30,0.16401468788249696
894,VRSK,2011-12-31,365 days 00:00:00.000000000,39.96,50.53,2013-03-30,0.23361697425129846
895,VRSK,2012-12-30,365 days 00:00:00.000000000,55.17,65.15,2014-03-30,0.16589095744680857
896,VRSK,2013-12-30,365 days 00:00:00.000000000,63.23,63.49,2015-03-30,0.004103535353535435
897,VRSK,2014-12-30,365 days 00:00:00.000000000,63.85,76.21,2016-03-29,0.17649578751963432
898,VRSK,2015-12-30,365 days 00:00:00.000000000,71.7,80.46,2017-03-29,0.11514195583596203
899,VRSK,2016-12-29,365 days 00:00:00.000000000,81.91,95.16,2018-03-29,0.14965832721522562
900,VRTX,2008-01-01,365 days 00:00:00.000000000,20.51,30.38,2009-03-31,0.3878954607977991
901,VRTX,2008-12-31,365 days 00:00:00.000000000,32.85,42.85,2010-03-31,0.2642007926023778
902,VRTX,2009-12-31,365 days 00:00:00.000000000,39.93,35.03,2011-03-31,-0.1307363927427961
903,VRTX,2010-12-31,365 days 00:00:00.000000000,39.15,33.21,2012-03-30,-0.1641791044776119
904,VRTX,2011-12-31,365 days 00:00:00.000000000,37.45,41.9,2013-03-30,0.11216131064902321
905,VRTX,2012-12-30,365 days 00:00:00.000000000,45.05,74.3,2014-03-30,0.4901550062840386
906,VRTX,2013-12-30,365 days 00:00:00.000000000,78.5,118.8,2015-03-30,0.4085149518499746
907,VRTX,2014-12-30,365 days 00:00:00.000000000,110.31,125.83,2016-03-29,0.13144744643008383
908,VRTX,2015-12-30,365 days 00:00:00.000000000,91.92,73.67,2017-03-29,-0.2204239386436379
909,VRTX,2016-12-29,365 days 00:00:00.000000000,85.98,149.86,2018-03-29,0.5417232021709634
910,WBA,2008-01-01,365 days 00:00:00.000000000,26.99,23.95,2009-03-31,-0.11935610522182957
911,WBA,2008-12-31,365 days 00:00:00.000000000,21.11,29.49,2010-03-31,0.3312252964426877
912,WBA,2009-12-31,365 days 00:00:00.000000000,28.66,26.84,2011-03-31,-0.0655855855855856
913,WBA,2010-12-31,365 days 00:00:00.000000000,32.71,26.86,2012-03-30,-0.1964075877119356
914,WBA,2011-12-31,365 days 00:00:00.000000000,27.53,30.6,2013-03-30,0.10562532255289868
915,WBA,2012-12-30,365 days 00:00:00.000000000,34.06,46.4,2014-03-30,0.30673626646781
916,WBA,2013-12-30,365 days 00:00:00.000000000,49.71,,2015-03-30,
917,WBA,2014-12-30,365 days 00:00:00.000000000,64.93,74.75,2016-03-29,0.14060710194730802
918,WBA,2015-12-30,365 days 00:00:00.000000000,71.28,73.85,2017-03-29,0.035416523117205174
919,WBA,2016-12-29,365 days 00:00:00.000000000,74.73,72.06,2018-03-29,-0.03637849989781322
920,WDAY,2011-12-31,365 days 00:00:00.000000000,49.1,54.5,2013-03-30,0.10424710424710422
921,WDAY,2012-12-30,365 days 00:00:00.000000000,53.99,83.16,2014-03-30,0.42537367845424706
922,WDAY,2013-12-30,365 days 00:00:00.000000000,89.54,81.61,2015-03-30,-0.09266725094945961
923,WDAY,2014-12-30,365 days 00:00:00.000000000,79.65,79.68,2016-03-29,0.00037657691583507357
924,WDAY,2015-12-30,365 days 00:00:00.000000000,62.56,66.09,2017-03-29,0.05487757481539061
925,WDAY,2016-12-29,365 days 00:00:00.000000000,83.92,101.74,2018-03-29,0.19196380480448125
926,WDC,2008-01-01,365 days 00:00:00.000000000,21.17,9.11,2009-03-31,-0.7965653896961692
927,WDC,2008-12-31,365 days 00:00:00.000000000,11.42,35.12,2010-03-31,1.0184787279759344
928,WDC,2009-12-31,365 days 00:00:00.000000000,30.45,26.97,2011-03-31,-0.12121212121212123
929,WDC,2010-12-31,365 days 00:00:00.000000000,27.28,24.62,2012-03-30,-0.102504816955684
930,WDC,2011-12-31,365 days 00:00:00.000000000,30.09,26.76,2013-03-30,-0.11715039577836406
931,WDC,2012-12-30,365 days 00:00:00.000000000,38.19,,2014-03-30,
932,WDC,2013-12-30,365 days 00:00:00.000000000,70.49,81.54,2015-03-30,0.14536604617509716
933,WDC,2014-12-30,365 days 00:00:00.000000000,93.38,,2016-03-29,
934,WDC,2015-12-30,365 days 00:00:00.000000000,51.86,52.25,2017-03-29,0.007492075689174922
935,WDC,2016-12-29,365 days 00:00:00.000000000,73.04,,2018-03-29,
936,WLTW,2008-01-01,365 days 00:00:00.000000000,68.09,,2009-03-31,
937,WLTW,2008-12-31,365 days 00:00:00.000000000,48.97,,2010-03-31,
938,WLTW,2009-12-31,365 days 00:00:00.000000000,55.22,,2011-03-31,
939,WLTW,2010-12-31,365 days 00:00:00.000000000,81.31,,2012-03-30,
940,WLTW,2011-12-31,365 days 00:00:00.000000000,87.08,,2013-03-30,
941,WLTW,2012-12-30,365 days 00:00:00.000000000,82.83,,2014-03-30,
942,WLTW,2013-12-30,365 days 00:00:00.000000000,101.39,,2015-03-30,
943,WLTW,2014-12-30,365 days 00:00:00.000000000,105.46,,2016-03-29,
944,WLTW,2015-12-30,365 days 00:00:00.000000000,,126.03,2017-03-29,
945,WLTW,2016-12-29,365 days 00:00:00.000000000,120.31,,2018-03-29,
946,XEL,2008-01-01,365 days 00:00:00.000000000,12.86,,2009-03-31,
947,XEL,2008-12-31,365 days 00:00:00.000000000,11.88,,2010-03-31,
948,XEL,2009-12-31,365 days 00:00:00.000000000,14.24,,2011-03-31,
949,XEL,2010-12-31,365 days 00:00:00.000000000,16.93,,2012-03-30,
950,XEL,2011-12-31,365 days 00:00:00.000000000,19.91,,2013-03-30,
951,XEL,2012-12-30,365 days 00:00:00.000000000,21.61,,2014-03-30,
952,XEL,2013-12-30,365 days 00:00:00.000000000,23.55,,2015-03-30,
953,XEL,2014-12-30,365 days 00:00:00.000000000,31.74,,2016-03-29,
954,XEL,2015-12-30,365 days 00:00:00.000000000,33.43,,2017-03-29,
955,XEL,2016-12-29,365 days 00:00:00.000000000,37.17,,2018-03-29,
956,XLNX,2008-01-01,365 days 00:00:00.000000000,16.94,17.84,2009-03-31,0.0517538815411155
957,XLNX,2008-12-31,365 days 00:00:00.000000000,12.71,18.36,2010-03-31,0.3636948825233343
958,XLNX,2009-12-31,365 days 00:00:00.000000000,18.57,21.45,2011-03-31,0.14392803598200896
959,XLNX,2010-12-31,365 days 00:00:00.000000000,26.08,22.59,2012-03-30,-0.14341483460036977
960,XLNX,2011-12-31,365 days 00:00:00.000000000,29.94,28.18,2013-03-30,-0.06056434962147286
961,XLNX,2012-12-30,365 days 00:00:00.000000000,31.07,40.5,2014-03-30,0.26351823389688417
962,XLNX,2013-12-30,365 days 00:00:00.000000000,40.14,37.51,2015-03-30,-0.06773985833869935
963,XLNX,2014-12-30,365 days 00:00:00.000000000,34.17,38.64,2016-03-29,0.12278533168520804
964,XLNX,2015-12-30,365 days 00:00:00.000000000,45.79,50.88,2017-03-29,0.10530671356160139
965,XLNX,2016-12-29,365 days 00:00:00.000000000,54.84,67.88,2018-03-29,0.21251629726205984
